"","Gene","Bs.10.1","Bs.10.2","Bs.10.3","Bs.14.1","Bs.14.2","Bs.14.3","Bs.18.1","Bs.18.2","Bs.18.3","Bs.22.1","Bs.22.2","Bs.22.3","Bs.2.1","Bs.2.2","Bs.2.3","Bs.6.1","Bs.6.2","Bs.6.3"
"8","Bradi1g00480.v3.1",93.0729288,115.9695551,105.7780753,91.76445573,118.9770858,114.0625354,107.8657189,123.7375837,111.9016994,113.6959283,117.5111658,129.8634145,127.2464253,140.9352995,127.9530881,116.7022229,110.8537877,112.4557602
"41","Bradi1g00980.v3.1",58.66816999,50.74380729,64.09213427,63.35750593,60.25402045,60.58167758,60.83742425,51.74480773,56.15549801,57.47769991,56.03914329,59.47139143,94.25661133,103.9835421,136.9475229,88.61778551,112.9397461,113.45685
"80","Bradi1g01560.v3.1",88.14442341,98.86490094,113.0731149,92.76524258,97.10629793,110.8267188,113.8528939,102.0835066,114.3574792,123.7717004,114.3922907,118.0217657,123.3382243,103.4649209,110.7379334,108.1630359,101.7153034,94.18587035
"87","Bradi1g01660.v3.1",14.69073723,17.78884031,17.97706205,21.86334348,35.32132233,23.90908937,31.28781818,34.02783552,37.73714954,25.07493283,31.08814233,28.68310472,17.24206305,12.05794191,27.66030476,14.32685826,14.4030459,17.31051204
"164","Bradi1g02810.v3.1",71.65288612,71.15536123,55.6246775,78.9081939,71.73618406,77.83936615,84.88269193,76.39858388,81.53188924,88.8499903,92.05712049,98.28568451,122.5335947,110.5959618,142.2668123,79.41443948,86.61693808,94.14415827
"189","Bradi1g03207.v3.1",19.14534788,15.73628181,23.8391475,17.55226167,23.40174297,13.03315022,15.45077441,18.09193459,16.61744329,9.503285045,11.16758511,10.92063161,7.701454828,11.66897604,7.640433834,8.444307185,13.80705779,15.22490818
"238","Bradi1g03910.v3.1",16.20720043,15.05209565,16.93491353,18.47606491,18.15275389,14.38140714,16.99585185,20.06048706,13.2612109,12.82370994,10.66454073,8.94702349,8.506084437,5.704832732,12.66958015,11.38558272,10.72778591,13.80669756
"290","Bradi1g04700.v3.1",990.9139212,932.4317128,851.044539,768.9122348,911.0276668,783.2473864,574.2859714,667.9017302,540.8445705,650.4597873,664.9240539,541.426495,641.6346395,496.9687242,534.9270827,595.655736,749.4550434,806.6698613
"306","Bradi1g04860.v3.1",138.6616037,124.4078511,169.4794038,170.0567808,178.3562747,171.0488612,206.6541078,199.8549458,188.4401697,170.7156386,165.5015991,207.8867223,149.8910014,176.7201594,190.8174171,127.9929258,128.6340996,120.8815998
"421","Bradi1g06700.v3.1",42.3661906,54.84892428,50.15339775,67.36065333,61.01949803,75.59227129,67.50057071,64.49352848,86.19787086,61.37061186,63.28298228,80.78635916,57.58849058,74.4221361,52.61260766,31.12059277,27.71344693,34.57931201
"433","Bradi1g06890.v3.1",1035.839143,897.1961253,924.6462785,662.9827959,807.9069022,621.7262075,416.9777744,490.1695645,387.7676299,456.8446666,460.4868202,353.5390017,375.6470803,251.6609167,285.3073394,461.1161002,672.9699031,728.5848527
"469","Bradi1g07441.v3.1",59.33162264,54.05070709,58.75112308,49.11553923,49.53733442,56.44702303,36.21275253,43.3081543,42.64870913,50.83685012,48.99652205,47.23502107,84.48610893,77.14489718,88.20348932,55.97911505,71.51857273,56.60328878
"513","Bradi1g08070.v3.1",139.7041722,183.0197993,133.134474,179.6027477,211.0531025,258.1462582,199.0252879,330.9042958,299.1139792,211.1332244,224.9614442,265.9108011,173.6850484,173.6084325,157.7411086,92.88737903,93.37146995,116.4184075
"515","Bradi1g08095.v3.1",11.27869504,17.10465414,9.639873853,13.78006508,17.16856844,20.13397,15.16107239,25.02873852,25.70382854,16.37312966,15.9968111,28.28838309,11.26481452,17.1144982,15.37758202,9.298225889,7.747845379,7.675022208
"575","Bradi1g08907.v3.1",58.47861209,70.24311301,44.68211799,47.88380156,46.25671625,65.16575111,34.95737711,37.68371867,43.95845836,27.70837326,38.43259019,31.18300834,14.94312131,21.00415688,17.50529777,47.62968772,56.22154467,45.92499701
"580","Bradi1g08988.v3.1",9.857010789,10.26279249,7.034502541,24.86570403,20.88660237,17.70710754,13.03659091,21.09163359,30.45166948,9.503285045,11.26819398,13.02581361,11.95449705,7.520006784,4.642288911,6.262070497,7.549182677,7.091053127
"599","Bradi1g09250.v3.1",11.94214769,7.412016795,7.946382501,8.930098041,8.748315129,9.168147053,9.753301348,9.186578184,7.367339389,5.037886048,7.646274489,6.841841492,2.643783001,5.704832732,5.899575492,4.364473376,8.343833485,8.008718825
"629","Bradi1g09737.v3.1",46.9155802,58.72597922,48.19936927,83.52721012,82.78093191,105.8831101,75.9019293,75.83614032,96.10284937,61.59960668,76.76457151,67.10267617,53.56534253,40.71176086,35.88102471,26.18684026,23.24353614,21.2314473
"796","Bradi1g12130.v3.1",381.0113786,467.9833373,396.0164394,185.0685835,315.8141762,204.9350518,65.66579125,115.2071897,33.88976119,57.59219732,40.24354994,52.49797606,24.25383535,12.70621836,17.60201212,75.33460567,75.88915217,147.1184963
"811","Bradi1g12300.v3.1",132.0270772,160.6697179,130.7896398,112.9349468,110.3381246,118.3769575,94.73256061,100.4899165,102.4878768,112.6654516,103.6271411,98.02253676,94.14166424,100.4828493,98.55192502,140.5170668,146.5137427,161.509163
"822","Bradi1g12550.v3.1",598.5290686,911.5640348,724.6840303,1185.239564,1154.012119,1337.740516,1550.58178,2044.388608,2595.268089,1774.251868,2082.603709,1860.059869,1423.389778,1481.830302,947.7039384,601.2536475,505.695908,552.8935835
"870","Bradi1g13330.v3.1",279.7874601,293.287803,351.7251271,310.8597921,263.8710551,331.9408536,235.9140118,251.9747159,302.4702116,300.0977121,358.3688122,343.1446656,576.8044825,536.9025533,542.2773735,341.5674816,459.1095044,412.0318987
"885","Bradi1g13580.v3.1",86.34362336,94.07559778,94.18417292,85.83671824,66.92461074,87.99623495,65.56922391,78.46087694,83.16907577,70.75939949,71.73412777,79.33904653,106.9007909,108.7807878,95.7472088,115.3739049,106.5825396,111.8717911
"955","Bradi1g14590.v3.1",80.75166531,85.0671466,80.76651066,105.1596028,96.23146642,96.17566026,137.7050269,110.7076412,137.0325126,131.3285295,109.2612381,120.5216694,147.0173243,144.6953029,124.6648001,107.2142373,112.2444266,88.80501239
"992","Bradi1g15110.v3.1",28.14934812,25.9990743,30.35257578,26.02045808,43.63222171,39.36910205,40.75141751,58.96283345,44.61333297,49.11938897,43.16120731,56.57676619,44.59946975,51.08418401,42.84445808,40.89321794,32.08402638,34.87129655
"993","Bradi1g15120.v3.1",135.5338984,152.915608,149.1575076,132.1038641,102.2459331,112.5345109,115.3979714,118.4881105,126.3908002,117.0163532,124.1513516,116.5744531,181.5014503,170.2373949,145.1682428,203.8968106,182.0743664,177.192904
"1001","Bradi1g15290.v3.1",4895.996215,4413.684955,4417.797865,3844.946092,3288.819719,3086.339856,1821.549736,1754.917655,1592.900635,1613.039515,1606.019469,1215.874177,565.4247209,547.9232529,516.8414988,1959.269027,1988.514316,2502.432648
"1010","Bradi1g15400.v3.1",101.1291395,105.9348247,80.2454364,161.665568,206.1321752,172.5768857,198.7355859,247.4751674,241.3212947,158.9224053,157.2516714,139.0735857,106.7858438,88.42490735,98.45521066,71.44453158,84.43164836,89.80610224
"1012","Bradi1g15430.v3.1",233.5353325,273.6744663,210.1231963,335.186611,296.8959447,362.0519248,378.5439731,424.082446,476.9124365,425.4723762,464.0081308,390.1165389,467.0300144,484.3921611,381.9249773,235.6815623,239.68655,225.8708981
"1067","Bradi1g16510.v3.1",855.1904649,850.4434039,849.7418533,654.4376159,785.7080525,751.5184069,662.2588182,652.9032352,604.4492672,592.4096003,641.5827949,663.0007554,554.5047476,563.8708535,646.9223027,809.799571,894.3794845,776.5537415
"1105","Bradi1g17340.v3.1",83.87937066,75.26047823,86.36805898,87.60734113,82.67157797,82.96274245,83.62731651,89.61600759,86.93460479,94.00237376,97.89243523,92.36486014,111.7285685,114.6152758,115.8637941,92.12834019,96.64940453,92.01684234
"1108","Bradi1g17410.v3.1",33.74130616,52.22621065,37.51734689,54.88930951,40.89837323,50.2450412,43.74500505,38.52738402,37.24599358,29.65482924,29.47840033,21.9728371,12.75912666,22.94898622,14.79729591,40.41881866,36.25594312,34.95472071
"1203","Bradi1g19010.v3.1",67.57739128,82.78652605,76.0768423,28.2529826,36.6335696,36.31305303,15.06450505,21.09163359,13.01563292,10.87725397,14.18585135,23.94644522,12.64417957,5.186211575,11.41229357,71.34965172,80.95505107,93.22649257
"1254","Bradi1g19713.v3.1",18.10277943,23.83248477,12.1149766,13.93403229,19.68370904,15.28024509,11.87778283,12.09253659,6.385027471,6.06836274,6.036532491,7.104989242,8.161243176,7.390351494,11.02543616,17.26813379,15.49569076,27.02942604
"1271","Bradi1g19960.v3.1",70.23120187,72.63776459,77.50979652,103.6199307,96.77823612,112.4446271,124.1855993,113.2386372,114.5211978,94.57486081,80.99014425,109.2063161,110.0043622,105.280095,88.49363238,83.49427329,70.72392192,71.99504527
"1334","Bradi1g20860.v3.1",101.0343606,136.4951401,111.249355,125.2523234,118.53967,125.0283583,100.9128704,134.4240114,124.9991916,88.27750325,96.88634648,114.7324189,39.54179792,41.23038202,43.23131549,85.29699055,68.43930085,73.49668005
"1366","Bradi1g21350.v3.1",10.71002134,11.9732579,9.900410984,9.391999664,6.451882408,9.527682231,4.538664984,4.874510873,6.385027471,9.732279866,3.722528369,2.763051372,5.517460175,3.630348102,5.609432435,10.81630359,16.88632967,15.64202896
"1393","Bradi1g21770.v3.1",38.29069576,44.92822488,39.99244963,51.88694896,68.67427376,53.6606254,61.70653031,61.30634829,76.04731436,60.11114035,61.87445803,48.55075982,50.92155953,43.30486665,54.93375212,35.01066687,35.65995501,36.12265887
"1424","Bradi1g22260.v3.1",51.46496979,39.34070453,38.03842115,77.83042344,70.75199861,65.16575111,87.49001011,77.24224922,76.21103302,55.76023876,55.23427229,53.15584544,37.01296201,41.23038202,42.45760067,33.2079496,36.45460582,42.50460668
"1425","Bradi1g22270.v3.1",26.34854807,22.35008141,15.5019593,44.11160498,37.39904718,40.35782379,37.85439731,31.02813652,38.5557428,18.66307786,17.2041176,25.78847947,6.896825219,7.779317362,12.95972321,15.7500561,13.50906374,15.5586048
"1447","Bradi1g22680.v3.1",45.49389595,57.69969997,58.23004882,65.74399765,54.89567744,69.12063807,42.77933165,56.99428098,52.7174063,50.95134753,56.13975217,46.31400395,39.65674501,38.63727623,31.62559321,37.76218269,33.27600259,35.37184148
"1488","Bradi1g23400.v3.1",23.97907432,23.14829861,27.09586164,22.71016312,25.58882175,24.44839214,30.41871212,38.05868105,30.61538813,36.29567903,35.2131062,33.41976421,35.51864988,34.0993411,33.17302285,30.45643378,24.5348437,25.73635164
"1501","Bradi1g23580.v3.1",12.79515824,22.6921745,11.7241709,16.2435404,17.93404601,25.52699768,27.7148266,27.74721574,23.57548605,23.81546132,25.65526309,20.26237673,19.19616353,21.65243333,22.14758668,13.75757912,10.42979186,14.47409079
"1504","Bradi1g23610.v3.1",2144.563299,2073.654237,1863.231294,1620.735811,1776.017325,1459.892592,935.1581213,1071.642467,801.8939629,1020.629914,943.811855,819.7052403,720.6032883,512.7866695,488.6976223,933.3331436,1177.573166,1353.84889
"1551","Bradi1g24297.v3.1",37.81680101,44.70016282,51.8468891,36.10531018,48.99056472,51.23376294,47.12486196,50.90114239,49.19745526,57.24870509,54.32879242,59.33981756,52.64576584,49.65797583,58.80232621,44.2140129,38.9378896,37.49915742
"1581","Bradi1g24760.v3.1",2485.104066,2178.790845,2177.829879,1820.431279,1546.702115,1341.335867,798.1290657,849.8522226,749.7495719,852.8912085,846.0200286,547.3473194,189.3178523,159.3463506,173.9891198,1006.105993,1126.218858,1338.498846
"1606","Bradi1g25150.v3.1",72.22155982,61.23466183,51.71662054,44.26557219,48.11573321,47.36875977,32.73632829,55.2132097,40.19292934,38.35663241,42.05450969,42.49836158,56.20912553,57.56694848,35.78431036,96.11329414,78.67043,82.13108004
"1627","Bradi1g25430.v3.1",1071.002134,1203.93959,1091.520311,1011.949472,903.9196607,723.924082,588.9642071,608.188972,535.7692923,746.6376118,752.6549928,522.7430048,835.5503753,694.5633852,708.5293451,715.4889942,793.5581632,975.5620619
"1629","Bradi1g25447.v3.1",56.58303309,49.60349701,42.07674668,48.03776877,61.67562166,51.41353053,34.57110775,30.09073058,33.97162052,27.59387585,24.24673884,21.70968935,17.81679848,13.61380538,11.21886487,31.21547263,49.0696874,60.06539119
"1648","Bradi1g25822.v3.1",14.40640038,7.64007885,12.37551373,14.0879995,9.623146642,13.12303402,18.15465993,18.27941577,16.29000598,17.17461153,19.51812172,16.44673436,20.57552857,18.54070638,20.50344269,11.38558272,18.37629994,14.47409079
"1651","Bradi1g25860.v3.1",306.420345,279.3760177,264.7057253,1252.600217,1150.512793,1018.293509,1728.45882,2186.593089,2789.60213,1194.207988,1509.937994,1140.219199,413.4646719,301.7078584,420.804147,200.1964962,216.2443512,197.3398373
"1668","Bradi1g26190.v3.1",10.89957924,15.96434387,11.7241709,26.48235971,17.71533814,15.63978027,17.47868855,24.84125734,19.23694174,15.80064261,16.8016821,11.57850099,6.551983958,2.463450498,5.125860673,3.036155392,3.377265934,4.922025111
"1669","Bradi1g26197.v3.1",12.32126349,12.20131995,14.19927365,19.63081897,28.10396235,22.92036763,28.97020202,31.3093583,29.96051352,17.74709858,21.42969034,34.47235521,19.31111061,17.63311935,15.86115378,20.39916904,15.09836535,18.26988982
"1839","Bradi1g28760.v3.1",484.320434,362.8467299,431.9705635,410.3995919,385.4726354,345.4234228,407.3210404,322.9363454,332.6763031,386.6577542,354.7468927,359.1966783,524.8483992,509.1563214,708.9162025,462.1597786,475.4991773,518.2725594
"1855","Bradi1g28980.v3.1",12.88993719,6.271706519,5.60154832,9.699934079,7.545421799,6.20198183,10.23613805,9.092837591,9.823119186,15.45715037,12.57610936,13.94683073,10.46018492,11.66897604,16.05458249,9.867505025,12.81374428,8.592687906
"1858","Bradi1g29000.v3.1",937.8377092,1014.19196,887.6500059,722.2601709,774.5539508,698.3072005,458.9845674,456.4229508,434.8367426,616.6830512,578.0985949,408.931603,565.0798796,462.9990383,439.5667313,568.0456979,568.2746591,711.1492044
"1987","Bradi1g31112.v3.1",12.51082139,10.26279249,12.76631943,16.39750761,18.48081571,23.19001902,20.37570876,18.56063756,29.63307621,17.28910894,20.52421047,27.36736597,20.11574022,21.9117439,26.49973254,17.26813379,17.28365508,13.68156133
"2091","Bradi1g32800.v3.1",86.53318126,99.32102505,91.18799591,98.53901287,84.96801069,89.79391084,123.6061953,124.9562114,123.6894424,105.22312,118.5172546,105.3906738,122.9933831,104.7614738,115.573651,88.71266537,88.6035651,81.92251965
"2105","Bradi1g32990.v3.1",60.84808583,52.91039681,41.42540386,34.71960531,34.22778294,38.4702641,21.72765152,26.8098098,26.27684382,22.55598981,18.8138596,23.5517236,23.90899409,31.63589061,41.39374279,40.70345823,41.32184202,45.42445209
"2223","Bradi1g34830.v3.1",30.23448502,54.39280017,32.30660426,52.50281779,62.11303742,70.55877879,61.60996297,70.39918588,77.27520426,38.81462205,52.61844155,45.12983907,24.02394118,28.39450837,22.43772974,8.159667617,16.48900427,13.76498548
"2234","Bradi1g35050.v3.1",4.549389595,3.078837746,4.42913123,10.0848521,12.13828724,8.71872808,20.27914142,12.93620193,14.4891008,10.0757721,7.948101113,16.18358661,6.666931045,1.944829341,9.091149118,5.123512225,4.370579444,5.047161343
"2272","Bradi1g35670.v3.1",406.696474,419.4061196,388.9819368,393.463199,427.6832559,453.4637439,416.3983704,466.4531943,452.6820758,439.5555577,415.8164798,428.0098149,344.6113668,345.2720356,315.1920742,382.5555794,370.0092825,350.6734331
"2341","Bradi1g36700.v3.1",19.05056893,13.79775434,14.98088504,21.17049105,25.69817569,30.02118741,27.13542256,31.02813652,30.45166948,27.47937844,26.46013409,34.86707684,18.73637518,26.70898961,27.75701912,16.41421509,25.42882586,16.01743765
"2440","Bradi1g38687.v3.1",435.9831695,411.9941028,381.42636,384.7640518,372.6782245,393.9606719,331.6122458,350.1211175,319.1695142,400.8554331,436.3406902,364.9859288,553.5851709,546.1080788,503.4949182,489.0107779,645.1571248,614.7943061
"2488","Bradi1g41907.v3.1",220.0767217,277.7795833,215.8550132,399.3909365,440.3683128,482.0467906,443.6303603,551.1009505,538.7980873,385.1692879,406.1580278,378.4064641,297.368114,292.7616434,223.7002969,180.7461257,161.7114394,167.7659746
"2492","Bradi1g41957.v3.1",48.33726445,65.11171677,39.86218107,71.20983352,96.23146642,85.4794887,103.3270539,121.2065877,126.0633629,110.261006,117.7123836,102.4960485,72.30171771,41.10072673,49.42103404,38.99562082,40.22919716,60.85792066
"2498","Bradi1g42030.v3.1",31.65616927,30.10419129,35.9541241,37.02911343,30.1816872,37.93096134,33.50886701,46.02663152,47.72398738,32.51726449,45.87764693,39.99845795,31.26560766,25.15312614,29.2077344,14.89613739,23.44219884,21.10631107
"2500","Bradi1g42250.v3.1",0.3791158,0.684186166,1.432954221,1.462688472,1.312247269,1.707792098,2.414183502,3.374661374,1.473467878,3.205927485,2.012177497,2.499903622,1.609259218,2.463450498,0.773714819,1.233438128,2.085958371,0.875953622
"2525","Bradi1g42670.v3.1",3765.662458,2975.867728,2987.83982,3034.077793,2786.338369,2236.129043,1731.35584,1600.339416,1609.272501,1790.396003,1779.167343,1118.246362,649.1062002,457.1645503,505.1390622,1544.928695,1852.03304,2175.159691
"2553","Bradi1g43220.v3.1",58.47861209,56.90148278,64.48293996,83.52721012,69.65845922,76.58099303,113.3700572,114.0823026,145.7096013,112.6654516,131.9988438,99.33827551,177.2484081,178.5353335,146.038672,89.37682436,63.07540789,69.40889649
"2583","Bradi1g43770.v3.1",245.6670381,223.8429072,216.8971617,279.604449,284.4295956,340.6595817,418.0400152,391.55446,420.3476418,358.2623965,351.0243644,349.5917855,371.9687735,402.5796735,378.3465463,325.4379061,298.2920471,319.6396477
"2612","Bradi1g44190.v3.1",52.69709614,48.57721776,51.45608341,40.80131001,45.16317685,36.58270442,30.41871212,28.68462168,33.72604254,28.05186549,32.3960577,26.57792272,32.18518436,17.89242993,24.75887419,40.13417909,38.44123284,47.46834387
"2792","Bradi1g47140.v3.1",334.4749142,479.3864401,374.3918575,234.1841228,320.7351034,324.6602662,176.1388283,233.8827813,166.4200109,222.8119602,208.4615887,203.8079321,232.9977453,220.2843366,148.2631021,249.2493817,249.321691,259.6576807
"2818","Bradi1g47737.v3.1",17.24976888,21.32380216,16.15330213,19.47685176,14.43471996,23.27990281,29.1633367,21.18537418,25.45825056,35.60869457,31.08814233,30.65671284,41.61084549,43.9531431,32.01245062,27.6100381,38.44123284,26.23689657
"2841","Bradi1g48090.v3.1",154.6792462,158.3890974,176.2533692,151.1957979,142.9255984,144.1736066,159.4326785,161.515043,155.9420171,175.868022,180.5929304,149.4679218,215.410841,214.3201933,183.5638407,213.6694357,209.3904879,224.6612479
"2842","Bradi1g48100.v3.1",8.056210741,5.473489325,11.33336521,9.391999664,6.23317453,9.617566026,12.55375421,10.21772472,11.21472774,9.732279866,12.37489161,16.18358661,14.82817422,17.50346407,12.66958015,10.24702445,11.52243672,11.38739708
"2873","Bradi1g48610.v3.1",280.5456917,329.2075767,336.0928992,302.6995301,320.8444574,314.1438622,260.0558468,371.7751947,413.9626144,274.7937844,294.3815678,278.5418931,144.1436471,155.9753131,129.4038034,157.7852005,137.1765957,166.8065968
"2891","Bradi1g49047.v3.1",1.232126349,0.798217193,0.911879959,0.384918019,0.437415756,0.449418973,0.28970202,0.281221781,0.327437306,0.686984461,0.20121775,0.26314775,1.14947087,1.037242315,0.386857409,1.233438128,1.887295669,0.709105313
"2938","Bradi1g49790.v3.1",62.08021218,62.37497211,69.43314546,76.9066202,63.7533465,73.7945954,94.73256061,101.4273224,115.5853691,108.5435449,95.98086661,96.04892864,140.8101816,140.8056443,104.2580718,85.10723084,81.15371378,70.95224334
"2940","Bradi1g49935.v3.1",29.66581132,16.64853003,15.37169074,17.70622887,22.52691146,15.1004775,11.20181145,8.624134622,13.01563292,8.472808354,11.06697623,7.894432491,4.023148044,4.926900996,8.510863004,14.70637768,16.09167886,22.5245217
"2972","Bradi1g50390.v3.1",929.4971617,904.266049,835.151774,1034.274717,1155.98049,1159.231299,1040.223387,1118.512764,1122.045789,1270.348766,1204.690667,1150.876683,955.8999753,1106.73755,947.7039384,756.0975725,742.8991742,742.0161416
"2982","Bradi1g50530.v3.1",143.9692249,179.9409616,146.031062,180.0646493,168.7331281,188.216666,195.8385657,250.1936446,251.3081325,177.4709858,185.1203297,230.7805765,144.4884883,152.6042756,126.5023728,135.2986747,129.9254071,119.1296925
"3006","Bradi1g50950.v3.1",3.032926397,3.078837746,4.819936927,2.540458925,4.264803625,4.404305937,5.407771044,5.718176217,5.648293532,9.846777276,6.137141366,10.39433611,6.666931045,5.704832732,6.866719015,4.459353232,5.463224306,4.755176802
"3083","Bradi1g52020.v3.1",627.8157641,732.5353214,658.3773305,801.0143976,759.1350453,786.8427382,742.3131432,925.688363,986.1593069,1122.990599,1247.147613,948.5160638,1178.782377,1064.210615,940.8372194,752.2074984,911.5638082,905.402348
"3120","Bradi1g52460.v3.1",2137.549657,1892.572965,1851.897928,2055.154287,1736.431199,1444.252812,1386.031032,1197.629825,1295.505702,1667.883774,1566.681399,1029.302423,1472.012396,1179.733478,1250.129718,1583.829436,1572.315955,1834.538868
"3130","Bradi1g52567.v3.1",81.41511796,100.8034284,92.360413,85.37481662,89.99829189,89.88379463,105.2584007,90.92837591,102.7334548,122.1687367,124.2519604,116.8376009,122.6485418,139.1201255,119.7323682,101.5214459,99.53001371,96.02120175
"3131","Bradi1g52600.v3.1",12.70037929,14.25387845,12.76631943,17.09036004,14.76278178,16.26896683,28.87363468,30.84065533,22.67503345,24.96043542,19.01507735,28.02523534,16.20753926,25.02347085,21.18044316,11.38558272,17.08499237,16.1008618
"3269","Bradi1g55000.v3.1",34.40475881,32.95496698,28.3985473,35.02753973,38.38323263,43.5037566,44.13127441,50.33869883,37.0004156,43.05102623,58.85619179,41.97206608,58.50806727,79.3490371,54.74032341,54.65079706,39.93120311,43.88110523
"3283","Bradi1g55216.v3.1",22.36783218,21.66589525,17.71652492,20.78557303,20.44918661,21.30245933,28.39079798,30.55943355,24.31221998,27.59387585,24.54856546,26.05162722,24.82857079,26.06071316,23.79173067,19.45037048,14.89970265,17.81105697
"3292","Bradi1g55350.v3.1",9.00400024,7.868140905,8.988531025,9.545966871,9.295084825,8.53896049,12.45718687,14.9047544,15.55327204,17.51810376,9.054798736,23.28857585,13.56375626,16.07725588,12.28272275,12.61902085,8.244502134,10.84514008
"3355","Bradi1g56580.v3.1",2658.454766,2436.729029,2463.899649,2265.62746,2118.951278,1711.926753,1428.713796,1389.42308,1414.119866,1697.195111,1675.540202,1247.451907,1710.642548,1306.666006,1612.421682,1719.128111,1908.949904,2227.091227
"3413","Bradi1g57750.v3.1",10.89957924,7.982171933,15.11115361,31.71724477,38.38323263,30.83014156,37.56469529,38.62112461,46.08680085,27.93736808,32.29544883,30.52513897,15.05806839,17.37380878,13.92686673,5.692791361,1.589301616,3.044981637
"3416","Bradi1g57820.v3.1",3.506821146,7.754109878,2.084297049,13.24117985,11.15410179,14.02187196,16.89928451,16.87330687,25.37639123,6.18286015,7.243838989,6.578693742,5.402513088,8.16828323,3.288287979,2.087356832,1.390638914,2.752997096
"3450","Bradi1g58460.v3.1",29.00235867,40.13892172,26.70505594,31.02439233,23.94851267,30.29083879,28.10109596,29.24706524,26.60428113,35.9521868,48.29225993,34.34078134,37.47275036,43.30486665,40.32988492,38.71098125,46.28840957,45.92499701
"3473","Bradi1g58950.v3.1",6.065852794,7.069923712,12.24524516,9.31501606,14.43471996,13.4825692,14.38853367,16.49834449,13.83422619,13.73968922,9.75906086,14.47312623,8.850925698,15.42897944,10.3484357,5.787671217,9.933135101,6.298523659
"3527","Bradi1g59850.v3.1",90.9877919,92.82125648,101.7397497,98.92393088,101.1523937,108.0403212,118.5846936,130.9556094,113.4570266,97.20830125,94.97477786,93.54902502,76.09497158,87.12835446,81.04662725,60.8179877,59.2014852,68.61636702
"3540","Bradi1g60050.v3.1",126.719456,165.116928,123.8854059,162.435404,152.0019754,151.1845426,121.1920118,156.7342727,164.6191057,127.3211201,136.9286787,138.9420118,96.09576472,82.33110875,110.6412191,101.2368064,93.57013265,104.3219051
"3572","Bradi1g60490.v3.1",38.48025366,40.13892172,45.46372939,26.09744169,37.28969324,36.40293683,31.0946835,48.27640576,38.88318011,50.83685012,59.25862729,69.6025798,61.95647988,68.71730337,63.63804383,50.09656397,53.83759225,54.10056415
"3696","Bradi1g62400.v3.1",25.68509542,25.54295019,14.98088504,14.70386833,10.93539391,8.089541517,6.470011785,6.655582154,8.267791981,8.472808354,2.917657371,4.999807244,2.873677175,4.408279839,4.062002798,16.6039748,32.97800854,27.78024343
"3741","Bradi1g63080.v3.1",25.96943227,42.19148022,33.21848422,112.0881271,86.17090402,104.5348532,108.1554209,182.7941577,178.5351912,74.76680885,86.22180575,61.05027793,80.3480138,54.71453211,35.88102471,16.88861437,13.40973239,14.34895456
"3756","Bradi1g63290.v3.1",159.0390779,150.9770806,139.6479023,144.3442571,140.9572275,140.038952,158.6601397,133.7678272,115.8309471,180.9059081,166.2058613,144.5996885,184.4900746,194.7422446,151.3579614,185.2054789,241.8718397,221.3242817
"3767","Bradi1g63433.v3.1",93.6416025,130.1094025,97.44088706,152.5045191,148.3932954,167.633277,166.0958249,160.577637,176.2431301,200.3704678,193.8733018,165.2567868,155.8682499,169.7187738,129.1136604,103.5139229,100.8213213,97.98166938
"3795","Bradi1g63850.v3.1",39.04892736,42.87566638,34.13036418,41.34019524,49.64668836,56.896442,54.36741246,52.58847308,58.12012185,54.27177243,62.98115566,50.52436794,34.82896736,39.0262421,38.87916963,30.17179421,25.42882586,27.07113811
"3851","Bradi1g64680.v3.1",60.37419109,66.59412013,61.74730009,68.51540738,76.98517314,74.69343334,81.01999832,98.521364,92.17360169,74.53781403,74.24934964,109.2063161,74.94550071,80.25662412,71.85876378,68.31349633,76.18714623,54.39254869
"3865","Bradi1g64850.v3.1",25.87465332,29.42000512,26.05371312,58.43055529,47.35025564,47.72829495,58.90607745,67.96193045,76.70218898,70.07241503,61.47202253,51.84010669,60.57711484,47.97245707,35.97773906,14.51661797,16.68766697,22.5245217
"3922","Bradi1g65740.v3.1",31.94050612,45.95450413,31.13418717,29.02281863,35.43067627,40.53759138,44.8072458,41.33960183,37.08227493,55.76023876,49.1977398,54.34001031,59.31269688,68.58764808,60.05961279,61.57702655,45.39442741,50.84702212
"3933","Bradi1g65860.v3.1",30.99271662,47.77900057,34.78170701,39.95449037,50.30281199,52.67190366,38.33723401,55.96313445,50.67092313,56.90521286,38.23137244,44.60354357,33.79444357,32.67313292,27.66030476,34.44138773,30.49472476,27.52997096
"3973","Bradi1g66470.v3.1",66.06092808,48.80527982,42.98862664,27.79108097,28.54137811,26.33595183,32.06035691,24.18507318,30.94282544,14.77016591,20.22238384,14.07840461,6.896825219,19.83725927,13.73343803,24.85852227,35.06396691,39.66818543
"4000","Bradi1g66890.v3.1",41.60795901,35.57768062,27.74720447,32.56406441,39.80483384,29.03246567,25.49377778,28.21591871,23.16618941,15.80064261,19.41751285,18.42034248,14.48333296,15.04001357,22.53444409,37.47754312,55.42689386,58.10492356
"4016","Bradi1g67080.v3.1",83.78459171,54.62086223,65.91589418,33.33390045,31.93135022,21.7518783,27.90796128,20.34170884,30.69724746,16.94561671,20.92664597,25.78847947,22.29973487,27.48692135,44.68203077,46.30136973,47.67904849,47.67690426
"4020","Bradi1g67120.v3.1",52.50753824,50.51574523,41.94647812,85.1438658,77.09452708,75.59227129,106.4172088,88.67860166,105.1073753,96.40681937,97.38939085,71.04989242,91.15303998,83.36835107,70.21461979,23.24556472,29.6007426,29.32359028
"4095","Bradi1g68070.v3.1",7.677094942,9.920699402,8.727993894,5.388852266,9.295084825,7.999657723,4.828367004,5.530695029,5.975730838,5.839367919,6.237750241,3.684068496,5.057671827,2.852416366,2.708001865,6.451830209,5.86054971,5.54770627
"4096","Bradi1g68080.v3.1",100.3709079,74.00613692,97.05008136,86.45258707,85.18671857,88.98495669,132.5869579,124.1125461,107.9724517,121.3672548,104.4320121,132.2317442,113.4527749,135.2304668,123.6009423,102.4702445,91.68283698,86.42742399
"4108","Bradi1g68280.v3.1",42.3661906,40.36698378,47.80856357,43.34176894,53.36472229,54.28981196,49.53904546,53.99458198,66.96092912,57.70669473,73.34386977,59.86611306,72.18677062,80.5159347,79.3057689,45.54233088,56.12221332,52.05667236
"4205","Bradi1g69600.v3.1",25.40075857,22.12201936,22.66673041,49.03855562,33.02488961,34.87491232,44.61411112,41.62082361,50.67092313,31.83028003,36.0179772,21.70968935,24.36878244,20.35588043,27.46687606,15.08589711,14.4030459,22.19082508
"4307","Bradi1g71260.v3.1",16.20720043,15.39418873,12.24524516,14.78085193,22.74561934,16.35885062,20.56884344,26.43484743,25.13081325,20.03704678,28.27109383,21.57811548,21.83994653,28.52416366,23.59830197,15.84493595,16.88632967,19.81323668
"4339","Bradi1g71690.v3.1",71.93722297,75.60257131,61.61703152,59.12340772,64.19076226,61.39063174,53.9811431,51.27610476,39.94735136,48.3179071,40.04233219,62.7607383,72.76150606,70.40282213,55.90089564,89.85122364,78.76976135,79.21123463
"4407","Bradi1g72963.v3.1",19.80880053,10.60488557,10.81229094,6.851540738,5.795758773,6.112098035,4.828367004,10.31146531,3.929247674,4.808891228,8.451145487,2.631477497,3.448412609,8.816559677,5.125860673,14.51661797,22.15089128,27.65510719
"4482","Bradi1g74640.v3.1",64.54446488,65.33977882,67.08831128,61.81783385,53.58343017,57.52562857,40.17201347,47.8077028,41.58453789,38.81462205,50.0026108,37.10383271,42.76031636,42.39727962,40.91017103,61.19750713,59.30081655,62.35955544
"4708","Bradi1g78040.v3.1",115.5355399,177.660341,114.5060691,185.5304852,178.7936905,212.2156391,214.379495,254.8806743,300.9967437,245.7114423,291.6651282,242.7537991,242.9981419,266.5712749,244.3971683,148.4869747,159.029493,164.3038721
"4780","Bradi2g00320.v3.1",41.03928531,33.18302904,30.87365004,38.72275271,33.57165931,48.26759772,46.2557559,54.46328495,49.60675189,53.24129574,52.71905042,67.36582392,59.31269688,69.88420097,54.93375212,50.85560282,40.82518527,49.34538735
"4862","Bradi2g01610.v3.1",109.4696871,111.8644381,112.9428464,104.543734,106.0733209,115.8602113,104.0995926,101.4273224,132.2028124,118.6193169,115.800815,127.3635109,137.2468219,159.3463506,138.0113808,149.9101725,144.6264471,135.2722664
"4912","Bradi2g02800.v3.1",21.13570583,22.80620552,16.80464496,22.01731069,20.23047874,26.24606803,21.63108418,19.59178409,28.24146766,35.15070493,27.76804946,43.4193787,42.4154751,35.26623871,31.91573627,29.69739493,14.20438319,32.86911685
"4943","Bradi2g03297.v3.1",266.8975229,270.3675665,295.5793753,293.1535633,282.7892866,268.6626622,274.2512458,282.8153712,281.4323647,310.1734842,304.9454997,289.3309508,359.3245939,339.8265134,359.1003902,369.0826399,313.0924184,318.5551337
"4965","Bradi2g03694.v3.1",60.56374899,68.87474068,65.78562562,61.43291583,72.06424588,69.92959223,44.42097643,58.1191681,55.90992003,40.41758579,48.59408655,28.81467859,41.15105714,31.37658003,32.30259368,65.27734094,68.43930085,54.89309361
"4972","Bradi2g03750.v3.1",22.74694798,26.56922943,20.97323906,26.09744169,33.13424355,26.8752546,34.76424243,31.02813652,26.93171843,36.29567903,38.53319907,32.76189484,28.96666592,40.97107144,33.85002331,28.55883666,29.0047545,26.32032072
"5002","Bradi2g04310.v3.1",25.87465332,18.70108853,17.71652492,18.39908131,15.0908436,15.63978027,26.84572054,13.02994253,10.88729043,42.47853918,22.73760572,26.44634884,98.0498652,95.03732711,80.85319854,20.87356832,46.58640362,45.42445209
"5025","Bradi2g04597.v3.1",7.297979142,9.236513237,11.98470803,7.69836038,9.951208459,8.988379463,7.628819866,7.405506904,11.46030572,9.961274686,8.954189862,9.604892864,17.35701013,22.17105448,18.08558388,16.69885466,12.21775617,13.26444055
"5081","Bradi2g05620.v3.1",415.7952532,416.897437,378.0393773,405.0877232,423.6371601,409.9599873,434.166761,429.144438,424.5224675,454.8982107,515.1174392,463.2716133,587.0347732,585.7825974,540.6332295,578.2927224,607.6098741,596.2741438
"5084","Bradi2g05660.v3.1",48.33726445,45.61241105,47.41775787,51.11711292,56.53598652,70.64866258,62.47906903,62.33749482,73.10037861,72.70585547,74.34995851,71.83933567,74.94550071,94.00008479,65.86247393,52.08904095,61.68476898,53.30803468
"5117","Bradi2g06190.v3.1",6.160631743,8.210233988,6.904233976,7.08249155,9.404438764,13.12303402,10.42927273,10.87390887,11.86960235,8.472808354,10.26210523,12.76266586,8.850925698,10.24276786,12.5728658,7.495508625,6.456537816,7.967006748
"5166","Bradi2g07040.v3.1",31.75094822,31.8146567,34.39090131,30.87042512,34.33713688,33.4367716,38.43380135,32.99668899,42.81242778,50.6078553,48.29225993,44.34039582,60.69206193,74.29248081,61.51032808,56.83303375,43.30846904,47.09293518
"5230","Bradi2g08100.v3.1",74.30669672,66.70815115,70.73583111,44.80445741,60.47272833,51.68318192,36.59902189,30.84065533,33.97162052,36.63917126,31.28936008,32.49874709,52.9906071,33.84003053,37.62188305,84.44307185,98.43736885,106.4909331
"5250","Bradi2g08390.v3.1",91.9355814,77.99722289,80.37570496,81.21770201,88.02992099,88.53553772,109.1210943,117.3632233,118.7778828,111.5204775,111.1728067,131.8370226,114.1424574,116.3007946,124.084514,128.7519646,114.9263731,112.372336
"5334","Bradi2g09720.v3.1",56.29869624,50.85783832,59.53273447,32.4870808,36.41486173,28.67293049,23.852133,18.56063756,20.38297231,28.85334737,24.24673884,15.65729111,14.1384917,15.8179453,11.60572228,69.92645388,78.67043,73.53839213
"5372","Bradi2g10240.v3.1",18.29233733,21.77992627,20.0613591,41.34019524,34.99326052,37.75119375,36.11618519,45.37044736,47.39655007,33.20424895,43.36242506,32.76189484,26.78267127,19.70760398,24.27530243,9.962384881,7.549182677,12.55533524
"5375","Bradi2g10270.v3.1",34.49953776,34.20930828,35.9541241,30.10058909,35.32132233,40.44770759,46.35232324,40.87089886,50.67092313,42.36404177,47.1855623,56.05047069,45.28915227,44.60141954,51.45203544,33.11306975,35.75928636,31.90973907
"5401","Bradi2g10770.v3.1",1687.444424,1723.236889,1603.736311,1224.655169,1232.965664,1066.830759,789.9208418,886.3173136,780.5286786,934.8713541,962.8269323,802.8637843,998.5453446,876.0807903,792.4774029,1282.680773,1295.876805,1401.650931
"5409","Bradi2g10870.v3.1",190.6004682,186.3266991,173.7782665,142.7276014,145.6594469,146.5105853,140.1192104,138.5485975,110.6738095,147.4726643,153.8309696,119.4690784,146.7874301,133.1559822,114.0262214,218.3185487,195.6827615,212.8150179
"5410","Bradi2g10942.v3.1",7.771873892,8.096202961,7.425308238,11.70150778,12.46634906,10.51640397,13.71256229,16.4046039,13.50678888,11.67873584,15.9968111,14.86784786,12.18439122,23.07864151,11.31557922,9.772625169,11.42310537,8.759536215
"5448","Bradi2g11480.v3.1",635.3033012,627.626776,705.4042826,691.0818113,739.3419824,698.4869681,726.5726667,810.5749139,802.7944155,793.4670526,862.3186663,840.0991909,713.8214102,704.0282213,728.3557873,716.4377927,696.6107646,631.6876973
"5598","Bradi2g13760.v3.1",21.89393743,16.30643695,18.10733062,16.78242563,15.96567511,18.78571308,18.44436195,22.21652071,17.02673992,22.55598981,25.75587196,23.81487135,24.13888827,27.48692135,20.8903001,13.75757912,24.9321691,16.51798258
"5644","Bradi2g14545.v3.1",7.961431791,11.85922687,18.88894201,22.01731069,15.85632117,23.72932178,22.78989226,26.43484743,28.48704564,28.28086032,30.18266245,31.84087771,28.2769834,16.85518762,25.04901725,14.51661797,10.03246645,11.63766954
"5645","Bradi2g14567.v3.1",14.97507408,16.30643695,12.1149766,20.86255663,27.77590054,23.54955419,34.66767509,44.8080038,44.94077027,30.68530593,33.50275532,31.44615609,17.24206305,15.16966886,18.56915565,12.80878056,16.29034157,13.34786471
"5718","Bradi2g16271.v3.1",85.86972861,97.38249758,94.57497861,37.49101505,52.70859865,43.68352419,16.12674579,22.87270487,11.21472774,21.18202088,13.68280698,11.84164874,2.873677175,3.371037524,3.385002331,32.06939133,32.28268908,66.15535446
"5720","Bradi2g16290.v3.1",6342.891664,6033.609733,5866.77512,5536.737769,5144.228004,4313.792956,2685.248025,3063.723824,2571.774462,2613.632382,2550.334369,1916.505061,346.4505202,253.605746,279.6979069,2291.443403,2879.317872,3689.349805
"5749","Bradi2g16660.v3.1",29.76059027,18.01690236,30.09203865,15.47370436,21.87078782,14.74094232,14.58166835,7.405506904,10.39613447,15.45715037,10.76514961,15.65729111,10.34523783,19.05932754,14.21700979,17.26813379,32.58068313,26.15347241
"5751","Bradi2g16680.v3.1",67.76694918,68.64667862,55.36414037,62.58766989,72.82972345,59.77272343,61.41682829,55.11946911,52.7174063,44.31049774,31.79240445,33.28819034,26.09298874,37.72968921,31.33545015,69.16741503,78.8690927,73.37154382
"5792","Bradi2g17390.v3.1",120.3692664,126.3463786,128.4448057,126.3300938,144.8939693,133.6572026,137.7050269,168.4518469,175.0152402,167.1662189,184.0136321,176.4405662,194.260577,163.2360093,183.8539838,139.2836286,175.6178286,139.1097775
"5803","Bradi2g17660.v3.1",267.6557545,303.5505955,265.3570681,300.390022,282.1331629,282.8643017,250.2059781,283.7527772,307.6273492,258.3061574,256.8544575,245.7799982,195.0652066,221.321579,188.9798444,249.2493817,239.68655,258.4897425
"5836","Bradi2g18237.v3.1",26.82244282,20.06946086,18.88894201,12.47134382,13.88795027,20.58338897,12.45718687,9.936502934,8.513369961,9.961274686,10.56393186,7.894432491,14.59828005,14.91035828,11.31557922,18.9759712,32.18335773,30.24125598
"5895","Bradi2g19280.v3.1",5.686736994,11.51713379,3.908056967,6.620589927,10.0605624,5.303143883,4.055828283,4.405807905,5.238996899,3.434922305,3.219483995,3.420920746,1.14947087,0.907587026,1.740858342,2.087356832,1.98662702,3.837511104
"5897","Bradi2g19326.v3.1",38.48025366,39.68279761,40.25298677,39.87750677,49.2092726,44.31271076,50.50471886,55.11946911,58.36569983,55.64574135,51.91417942,50.78751569,46.66851731,62.88281535,48.55060487,36.90826399,40.42785986,35.24670525
"5912","Bradi2g19540.v3.1",47.6738118,35.12155651,31.26445574,26.2514089,27.44783872,15.28024509,23.3692963,13.96734846,21.20156558,14.19767886,11.67062948,12.63109199,9.310714046,10.37242315,13.92686673,18.50157192,26.42213937,24.23471686
"6038","Bradi2g21860.v3.1",101.3186974,116.9958343,95.7473957,109.7016354,113.8374506,108.6695077,107.0931801,129.5495005,111.0012468,126.9776279,137.0292875,124.9951811,135.7525097,130.1739105,117.1210807,123.0591732,121.2835796,113.7905466
"6042","Bradi2g21910.v3.1",38.66981156,39.68279761,29.96177008,31.79422837,26.90106902,27.41455736,23.94870034,21.18537418,26.27684382,31.60128521,28.57292046,23.5517236,33.67949649,31.37658003,36.46131083,56.45351433,62.97607654,84.2166839
"6103","Bradi2g23040.v3.1",147.7603829,121.6711065,133.5252797,151.6576995,145.7688008,170.9589774,190.9136313,206.510528,186.8029832,215.9421156,203.4311449,184.7297203,267.0220831,267.9974831,219.058008,199.2476976,181.4783783,192.6263726
"6115","Bradi2g23250.v3.1",123.4021928,86.3214879,97.96196132,44.80445741,53.14601441,35.1445637,50.31158418,39.93349292,34.95393244,35.60869457,31.69179558,40.39317958,24.82857079,48.36142294,47.48674699,66.60565892,101.8146348,82.63162496
"6153","Bradi2g23750.v3.1",40.75494846,46.29659721,42.98862664,64.35829278,70.64264467,55.90772026,60.16145287,95.4279244,111.4105434,50.37886048,58.15192966,59.99768693,24.59867661,19.18898283,29.98144922,28.4639568,27.61411558,48.30258541
"6196","Bradi2g24420.v3.1",26.34854807,22.92023655,16.54410783,39.03068713,44.61640716,35.59398268,33.99170371,30.74691474,40.19292934,21.52551311,31.49057783,15.78886498,21.49510527,14.26208183,23.50158761,11.10094315,14.6017086,17.14366374
"6261","Bradi2g25550.v3.1",209.4614793,179.5988685,190.71318,125.9451758,160.3128747,138.8704627,99.65749496,129.9244629,109.9370756,149.0756281,143.5688644,136.4421082,151.8451019,127.9697706,131.5315192,249.1545019,318.7543054,353.9269752
"6266","Bradi2g25613.v3.1",33.45696931,27.13938457,28.0077416,19.01495014,19.68370904,16.53861821,17.76839057,16.31086331,12.60633629,17.51810376,18.10959747,10.52590999,14.36838587,13.87311596,12.66958015,29.31787551,33.97132205,33.07767723
"6321","Bradi2g26500.v3.1",10.42568449,10.7189166,9.639873853,14.2419667,13.23182663,12.22419607,14.67823569,14.15482965,20.13739433,14.6556685,15.49376673,15.65729111,11.72460287,13.09518423,13.63672368,9.582865457,10.23112915,9.969186454
"6351","Bradi2g26950.v3.1",77.90829682,78.68140905,78.68221361,65.74399765,69.87716709,71.36773294,65.27952189,59.15031464,63.27725942,55.87473617,58.25253854,59.07666981,55.05965466,50.0469417,47.8736044,93.36177831,87.41158889,87.72049838
"6425","Bradi2g28450.v3.1",101.9821501,104.7945144,117.5022462,102.5421603,85.73348827,102.1079907,91.73897307,107.4267204,104.288782,121.2527574,117.7123836,128.6792496,225.4112376,237.7878007,190.5272741,154.5592854,128.5347682,141.529078
"6488","Bradi2g31800.v3.1",68.99907553,64.31349957,59.01166021,136.1070115,134.9427609,117.298352,240.6458115,210.3538923,246.7240102,169.6851619,185.3215475,120.3900955,307.5984048,239.6029748,313.0643585,60.24870857,93.4708013,89.8895264
"6519","Bradi2g32900.v3.1",23.50517957,18.13093339,17.58625635,17.39829446,13.12247269,17.79699134,15.54734175,9.936502934,8.185932655,20.72403124,12.07306498,9.604892864,21.72499944,15.42897944,23.21144456,36.90826399,41.02384797,50.09620473
"6589","Bradi2g34300.v3.1",57.24648574,72.29567151,38.55949541,65.12812882,58.7230653,72.0868033,53.88457576,42.55822955,48.78815862,23.70096391,22.43577909,28.15680922,10.34523783,8.686904388,12.95972321,34.44138773,23.83952424,26.02833618
"6709","Bradi2g36480.v3.1",289.6444709,331.0320732,254.28424,278.7576294,297.6614223,303.0881555,236.3968485,305.5005949,273.4101507,206.553328,223.452311,185.2560158,188.6281697,182.0360263,123.3107992,201.9043336,179.1937572,181.1555513
"6765","Bradi2g37480.v3.1",529.4352141,477.3338816,496.583772,454.2032624,448.6792122,411.9374308,410.2180606,425.6760361,438.8478496,365.7047281,375.9753653,451.4299646,394.2685083,405.043124,411.2294261,492.9957318,465.2680481,483.2344145
"6874","Bradi2g39290.v3.1",61.70109638,68.19055451,59.92354017,57.35278483,57.62952591,54.91899852,46.06262122,35.62142561,67.28836642,46.82944076,51.41113505,34.60392909,384.498006,308.9685546,456.491743,168.3168646,156.9435346,183.6999881
"6913","Bradi2g39830.v3.1",0.663452649,0.228062055,0.781611393,2.001573699,1.312247269,1.078605536,4.248962963,1.781071281,4.993418919,4.121906767,4.628008243,2.499903622,5.977248523,5.315866864,2.611287513,1.707837408,3.277934583,1.668483089
"6923","Bradi2g39990.v3.1",88.14442341,97.38249758,88.5826246,83.0653085,98.09048339,86.82774562,85.94493267,100.0212135,93.40149159,109.5740215,112.581331,101.969753,105.1765846,135.6194327,103.2909283,113.4763078,110.357131,99.65015247
"6931","Bradi2g40070.v3.1",12.51082139,18.24496442,12.1149766,18.47606491,18.48081571,21.12269174,21.05168014,22.59148309,22.42945547,20.03704678,21.02725484,22.4991326,21.61005235,22.30070977,20.31001399,12.42926114,16.98566102,15.68374103
"6996","Bradi2g41260.v3.1",19.80880053,23.14829861,27.48666734,25.25062205,27.6665466,29.12234946,26.84572054,34.3090573,26.84985911,30.3418137,35.31371507,32.76189484,27.47235379,28.26485308,20.11658528,23.24556472,25.62748856,21.69028015
"7008","Bradi2g41500.v3.1",42.9348643,50.85783832,38.03842115,51.27108013,53.91149198,61.30074794,49.82874748,64.77475026,59.34801175,40.64658061,42.75877181,54.60315806,37.24285618,36.30348102,34.72045248,27.98955752,35.85861771,35.3301294
"7017","Bradi2g41590.v3.1",138.2824879,168.5378588,134.9582339,210.0882548,301.0513944,308.9306022,256.8691246,320.2178681,299.8507131,216.8580949,220.5346537,251.4376748,141.0400757,154.8084155,140.2358109,89.75634379,67.64465004,75.7908443
"7139","Bradi2g43690.v3.1",78.95086527,93.84753573,71.64771107,134.7213067,128.3815245,132.4887133,169.6688165,165.9208509,196.7079617,135.106944,140.3493804,129.2055451,151.3853136,130.822187,148.0696734,68.21861647,69.63127706,76.75022208
"7140","Bradi2g43700.v3.1",12.70037929,15.05209565,24.75102746,17.39829446,19.79306298,19.50478344,24.04526768,23.8101108,26.44056248,29.65482924,27.06378733,29.60412184,22.0698407,29.95037184,27.75701912,19.26061077,20.56158966,19.56296421
"7159","Bradi2g43930.v3.1",28.71802182,40.4810148,35.17251271,40.26242479,47.89702533,42.78468625,51.37382492,48.83884933,51.08021977,37.89864277,54.02696579,46.97187332,36.2083324,37.21106805,39.45945575,38.90074096,37.14992528,40.16873036
"7234","Bradi2g45420.v3.1",338.9295248,314.9536983,394.322948,459.2841803,475.6896351,481.5074879,630.7778654,591.6906275,555.6611086,498.8652162,509.1815156,560.373133,630.5997192,596.1550205,604.464702,405.0421053,340.1105459,293.1524787
"7244","Bradi2g45670.v3.1",31.46661137,29.99016026,28.65908443,42.26399849,43.63222171,40.26794,39.59260943,38.05868105,52.7174063,49.34838379,47.38678005,33.81448584,31.61044892,31.63589061,30.56173533,21.72748703,22.84621073,24.65183763
"7292","Bradi2g46306.v3.1",161.6928885,186.7828232,144.2073021,188.7637965,214.0056588,200.440862,203.1776835,226.571015,269.3990437,229.9107996,235.0223316,217.8863368,156.3280383,145.3435794,142.8470984,111.1043114,123.7668634,124.0517176
"7360","Bradi2g47290.v3.1",118.3789084,165.5730521,124.9275544,163.5901581,226.0345922,219.3164589,183.8642155,274.6599396,207.8408301,140.6028197,148.699917,213.412825,78.96864876,82.20145346,82.88419994,97.53649198,90.29219807,89.55582978
"7393","Bradi2g47850.v3.1",113.6399609,136.6091711,120.1076175,136.6458967,131.6621427,163.4087386,160.8811886,184.575229,165.3558396,175.9825195,149.2029614,191.4399879,185.8694397,187.8705143,178.0511226,116.1329438,120.9855855,115.0001969
"7396","Bradi2g47880.v3.1",15.25941093,17.90287134,14.85061648,24.78872042,21.65207994,26.33595183,34.08827105,28.3096593,29.06006092,29.99832147,21.12786372,18.42034248,23.33425866,21.13381217,22.82458715,12.80878056,14.20438319,17.10195166
"7451","Bradi2g48740.v3.1",21.13570583,19.95542983,15.892765,30.63947431,24.38592842,28.58304669,15.93361111,17.81071281,21.61086221,15.34265296,9.75906086,10.65748386,14.71322713,11.66897604,11.02543616,8.823826609,8.244502134,11.17883669
"7471","Bradi2g49050.v3.1",63.97579118,71.15536123,68.5212655,65.74399765,75.89163375,90.69274879,46.83515994,75.55491854,79.15796877,51.40933717,50.0026108,71.97090954,32.87486688,38.63727623,41.39374279,65.46710065,60.09546736,64.77885591
"7514","Bradi2g49690.v3.1",8.056210741,6.043644464,4.819936927,11.77849138,3.936741808,6.291865624,7.628819866,7.499247497,7.940354675,11.56423843,6.84140349,8.815449615,17.93174557,30.08002713,21.76072927,9.582865457,14.50237725,20.89775068
"7597","Bradi2g50850.v3.1",22.27305323,22.46411244,16.67437639,30.48550711,33.57165931,38.11072893,67.11430135,71.05537004,103.5520481,70.98839431,86.020588,55.12945356,71.72698228,94.77801653,87.6232032,23.15068487,29.70007395,20.81432653
"7700","Bradi2g52330.v3.1",122.7387401,146.6439015,145.5099878,191.9201243,198.9148152,195.6770209,241.0320808,233.1328566,230.4340042,185.3713071,199.8092255,173.6775148,183.4555508,207.0594971,155.2265355,112.5275092,121.2835796,128.056077
"7728","Bradi2g52740.v3.1",2.748589547,4.561241105,1.563222787,11.08563895,14.10665815,9.078263258,23.27272896,16.87330687,15.96256868,12.70921253,11.16758511,6.710267617,5.402513088,5.964143311,6.189718549,4.364473376,0.794650808,2.919845405
"7742","Bradi2g52930.v3.1",7.297979142,4.903334187,8.467456763,8.083278399,12.68505694,8.269309106,9.077329967,10.21772472,9.741259859,6.52635238,9.859669735,8.42072799,5.402513088,4.797245707,6.67329031,4.459353232,3.377265934,4.588328494
"7764","Bradi2g53180.v3.1",43.8826538,47.32287646,52.75876906,50.34727689,47.89702533,50.78434397,65.37608923,60.36894235,64.58700865,60.79812481,59.96288941,59.73453918,62.87605658,50.82487343,66.24933134,49.33752513,51.35430847,45.38274001
"7766","Bradi2g53210.v3.1",60.56374899,48.34915571,55.49440894,79.37009552,79.71902161,86.46821044,84.20672055,106.8642768,92.33732035,80.949669,84.10901937,69.47100592,50.57671827,55.49246385,47.58346134,49.14776541,47.38105443,42.75487915
"7839","Bradi2g54400.v3.1",158.2808463,212.2117424,156.0617416,143.1125195,229.2058564,242.2368265,98.7883889,112.1137501,86.27973018,112.0929646,74.45056739,121.8374081,5.632407262,5.704832732,5.609432435,38.14170212,60.79078682,48.26087334
"7874","Bradi2g54970.v3.1",25.87465332,36.60395986,19.80082197,26.71331052,31.27522659,24.62815973,15.93361111,17.62323162,18.25462982,12.70921253,17.2041176,12.10479649,18.73637518,17.76277464,22.34101539,21.91724674,18.67429399,31.86802699
"7876","Bradi2g55010.v3.1",13.17427404,19.72736778,17.45598779,15.55068797,17.16856844,19.59466723,14.29196633,12.93620193,16.53558396,11.67873584,11.16758511,11.31535324,12.18439122,11.0206996,9.187863471,15.56029639,12.71441293,14.97463572
"7885","Bradi2g55120.v3.1",468.3027914,592.2771574,552.3387181,663.4446976,741.6384151,819.5604395,838.6873486,1369.925037,1358.701102,1014.332557,1255.39754,1108.904617,430.3618937,360.701015,353.5876721,596.4147749,532.8133668,552.0593419
"7922","Bradi2g55694.v3.1",19.14534788,28.39372588,25.14183316,37.02911343,38.38323263,36.67258821,35.82648317,39.27730877,39.70177338,32.05927485,40.64598544,32.76189484,34.13928483,33.06209879,25.72601772,29.60251508,25.52815721,24.31814102
"7966","Bradi2g56440.v3.1",94.9685078,99.32102505,77.90060222,125.714225,127.6160469,117.2084682,143.9819041,136.6737856,138.4241212,137.1678974,123.3464806,130.1265622,99.88901859,129.5256341,107.7397885,112.0531099,105.3905634,82.3813525
"8023","Bradi2g57260.v3.1",57.53082259,62.48900313,44.81238656,47.49888355,51.39635138,56.44702303,56.10562458,49.96373645,55.99177936,67.20997978,67.00551065,61.83972118,87.58968028,90.11042611,72.43904989,61.86166612,70.62459057,58.43862018
"8127","Bradi2g58690.v3.1",68.90429658,47.66496954,65.52508849,96.61442277,106.6200906,119.4555631,146.7823569,160.2964153,157.9066409,105.4521148,83.40475725,160.3885534,47.12830566,55.36280856,103.1942139,62.81046468,72.41255489,52.76577768
"8237","Bradi2g60370.v3.1",10.04656869,12.20131995,8.076651066,12.1634094,11.81022542,15.37012888,12.94002357,10.96764946,17.10859925,12.93820735,12.97854486,18.8150641,12.64417957,12.05794191,11.99257969,12.23950143,9.535809697,10.4280193
"8238","Bradi2g60380.v3.1",35.35254831,31.13047054,36.47519836,33.10294963,46.694132,44.94189732,36.79215657,45.18296617,47.39655007,36.29567903,33.50275532,43.02465708,30.69087222,29.3020954,32.20587932,35.29530644,30.19673071,38.0831265
"8312","Bradi2g61500.v3.1",307.3681345,273.5604352,274.3455991,283.5306128,219.8014176,229.8328629,155.3768502,167.8894033,166.6655889,133.3894829,163.5900305,118.2849135,133.5685151,142.2318524,132.595377,218.128789,237.5012603,250.6895841
"8313","Bradi2g61534.v3.1",13.55338984,13.79775434,14.06900508,15.08878635,13.12247269,11.05570674,23.17616162,14.99849499,24.06664201,18.54858045,24.24673884,20.65709835,30.23108388,35.00692813,34.14016637,18.1220525,17.38298643,15.60031688
"8327","Bradi2g61710.v3.1",63.12278063,67.05024424,49.37178636,72.28760397,81.03126888,75.95180647,91.25613637,117.3632233,111.4924028,76.82776223,91.65468499,84.86514928,61.95647988,67.80971634,69.92447673,52.75319994,54.03625495,51.05558251
"8351","Bradi2g62067.v3.1",23.41040062,17.44674723,15.24142217,28.63790061,21.87078782,24.71804352,51.37382492,52.77595426,73.75525322,54.95875689,53.2220948,46.5771517,69.54298762,62.75316006,64.60518735,19.16573091,11.62176807,14.80778741
"8369","Bradi2g62341.v3.1",0.758231599,1.140310276,0.781611393,0.153967208,0.765477574,0.539302768,0,0.374962375,0.081859327,0,0.100608875,0,0.114947087,0,1.063857876,1.42319784,1.092644861,0.709105313
"8381","Bradi2g62520.v3.1",628.005322,516.9026482,425.5874038,476.1435895,502.3719963,439.6216396,319.8310303,288.8147692,299.2776979,300.0977121,322.7532705,210.9129214,224.1468196,206.9298418,207.1621427,313.9574435,366.0360285,434.7649808
"8478","Bradi3g01470.v3.1",566.8728993,469.9218648,463.6258249,668.8335498,845.3059494,787.382041,949.6432223,983.7137905,798.9470271,696.716741,535.8428674,860.7562893,569.4478689,499.9507958,486.4731922,386.4456535,433.3826845,417.0790601
"8533","Bradi3g02410.v3.1",152.7836672,161.4679351,132.6133998,124.2515365,128.6002324,125.7474287,104.3892946,120.4566629,102.9790328,120.5657729,122.0385652,106.9695603,101.6132249,96.59319058,108.706932,159.8725574,151.678973,163.8450393
"8611","Bradi3g03475.v3.1",238.7481748,253.6050054,174.6901464,175.060715,213.677597,222.0129727,172.6624041,190.4808864,190.8959495,271.1298673,285.4273779,231.306872,458.9837183,479.4652601,297.5900621,320.5041536,372.4925663,358.8490003
"8810","Bradi3g06402.v3.1",36.67945361,30.90240848,37.25680976,35.79737577,31.27522659,36.67258821,34.76424243,38.33990283,41.58453789,45.34097443,44.46912268,49.47177694,37.24285618,44.60141954,44.97217383,40.51369852,39.83187176,44.75705885
"8838","Bradi3g06847.v3.1",35.16299041,36.71799089,44.55184943,44.34255579,39.91418778,44.13294317,53.11203704,56.33809682,47.4784094,49.11938897,51.41113505,50.91908957,63.68068619,48.88004409,44.58531642,44.49865247,48.07637389,31.07549752
"8865","Bradi3g07190.v3.1",2372.032779,2130.327658,2300.542868,1942.989176,1725.714513,1606.582945,1093.721694,1228.095518,1046.898927,1144.859604,1172.495827,880.0976489,491.628691,376.6486156,312.8709298,1209.623284,1492.155555,1653.383317
"8901","Bradi3g07700.v3.1",131.9322983,130.3374646,137.954411,126.099143,124.7728445,164.3974604,158.4670051,168.1706251,169.8581026,169.7996593,150.5108768,177.3615833,170.0067416,183.0732686,169.2501166,155.9824833,135.8852882,142.9472886
"8909","Bradi3g07870.v3.1",103.3090554,133.1882403,130.7896398,147.1926505,148.5026493,144.6230256,159.2395438,162.5461895,167.1567448,184.4553278,169.3247364,163.4147526,181.1566091,189.5560331,147.4893873,161.2008754,143.4344709,140.0274432
"8929","Bradi3g08120.v3.1",72.97979142,83.58474324,76.467648,100.0786849,118.1022542,116.848933,153.348936,140.6108906,145.9551792,130.8705398,131.2945817,147.8890353,145.7529063,184.4994768,157.9345373,87.00482796,78.57109865,79.75349163
"8971","Bradi3g08917.v3.1",70.79987557,68.30458554,69.04233976,93.45809501,83.65576342,77.65959856,87.20030809,89.80348878,96.43028667,104.5361355,106.0417541,104.074935,150.9255252,143.5284053,111.6083626,89.47170422,76.68380298,87.92905877
"8988","Bradi3g09170.v3.1",45.0200012,48.69124879,55.75494607,51.80996536,50.19345805,53.30109022,53.30517172,56.7130592,63.68655605,58.5081766,62.77993791,67.62897167,68.16362258,57.69660377,66.82961746,54.08151793,52.44695333,42.71316707
"9041","Bradi3g10120.v3.1",162.735457,199.7823604,172.8663865,257.1252367,260.6997908,237.8325206,257.545096,242.7881377,289.4545787,242.9635044,248.6045298,186.4401807,235.8714225,192.9270706,232.501303,134.9191552,143.4344709,159.0898625
"9058","Bradi3g10330.v3.1",226.1425745,227.035776,207.6480935,293.7694321,259.2781896,267.0447539,298.8759175,304.0007454,312.7026274,328.264075,378.6918049,286.3047517,317.2539601,298.2071656,269.2527569,167.6527056,197.0734004,222.9093406
"9150","Bradi3g12520.v3.1",322.9118823,370.3727777,359.4109724,458.6683114,475.4709273,488.42854,554.1033974,580.6292375,698.8330707,564.9302218,522.9649315,645.1067084,652.4396657,640.3674742,600.6928423,453.5257117,389.9748841,393.7202968
"9242","Bradi3g13670.v3.1",74.87537042,77.88319186,51.32581484,30.10058909,65.28430165,42.78468625,22.98302694,31.4030989,10.64171245,17.17461153,16.60046435,17.36775148,8.965872785,6.871730337,5.706146787,40.3239388,61.18811222,59.64827042
"9285","Bradi3g14290.v3.1",4.075494846,2.39465158,2.34483418,4.619016228,2.187078782,2.606630044,4.731799664,3.655883155,2.701357776,7.213336842,3.32009287,4.999807244,14.71322713,17.76277464,9.478006528,8.539187041,7.747845379,3.795799027
"9308","Bradi3g14650.v3.1",51.46496979,54.16473812,59.40246591,55.89009636,61.89432954,67.95214874,83.53074917,84.64775613,75.31058042,74.53781403,82.3986685,83.1546889,74.02592402,60.80833072,81.72362771,56.54839418,49.4670128,56.43644047
"9334","Bradi3g15180.v3.1",79.80387581,107.417228,105.1267324,105.8524552,140.3011039,132.9381323,144.4647408,162.3587083,154.7141272,115.4133895,114.6941173,148.1521831,90.69325163,109.4290642,100.3894977,77.23220279,72.01522948,70.82710711
"9368","Bradi3g15900.v3.1",48.33726445,54.5068312,50.80474058,55.19724393,58.06694167,54.28981196,68.07997475,63.64986313,69.90786487,57.01971027,71.13047452,73.02350054,85.86547398,82.46076404,73.69633647,63.56950353,58.90349115,62.27613128
"9400","Bradi3g16400.v3.1",93.16770775,90.99676004,95.7473957,96.15252115,106.4013828,102.8270611,94.24972391,80.71065119,95.61169341,98.69676758,98.49608848,111.0483504,178.5128261,153.1228967,161.2228253,155.2234444,144.5271157,144.9077562
"9408","Bradi3g16515.v3.1",841.3527382,826.3828571,717.9100649,439.0374925,352.1196839,405.4657976,172.8555387,197.4176904,200.7190687,140.2593275,135.01711,138.1525686,93.79682298,104.6318185,77.75833927,928.3045112,848.389069,946.7390165
"9449","Bradi3g17280.v3.1",28.81280077,31.47256362,33.73955849,31.56327756,38.05517081,38.11072893,35.82648317,38.52738402,40.43850731,40.64658061,39.43867894,41.05104895,42.99021053,48.23176765,42.94117243,32.25915104,31.78603232,28.78133328
"9454","Bradi3g17640.v3.1",2426.625454,2190.193947,1975.26226,2198.574741,2056.619533,1822.124285,1655.550478,1582.903666,1761.694567,1811.234532,1878.971347,1291.134434,1789.036462,1589.833158,1724.997188,1962.684701,2058.244924,2301.547284
"9529","Bradi3g19042.v3.1",31.37183242,26.56922943,29.70123295,26.79029412,29.19750174,32.44804986,29.25990404,36.65257214,36.67297829,41.33356508,38.23137244,41.3141967,50.00198284,40.06348442,44.87545948,50.85560282,34.8653042,35.07985694
"9547","Bradi3g19400.v3.1",14.97507408,14.82403359,20.71270193,18.78399933,17.49663026,19.95420241,19.69973738,25.21621971,24.72151662,26.79239398,23.34125897,30.13041734,25.51825331,25.15312614,21.95415798,21.25308775,15.49569076,12.97245601
"9823","Bradi3g26840.v3.1",20.75659003,30.90240848,16.02303357,41.64812966,48.55314897,32.44804986,41.23425421,35.90264739,55.5006234,34.12022823,30.68570683,29.07782634,28.73677175,21.52277804,22.14758668,9.677745313,13.21106968,15.60031688
"9906","Bradi3g28410.v3.1",14.21684248,7.069923712,5.080474058,14.39593391,12.575703,15.46001268,34.76424243,18.93559993,26.44056248,20.49503642,15.69498448,14.07840461,20.11574022,23.59726267,20.98701445,10.53166402,8.84049024,11.97136616
"9918","Bradi3g28580.v3.1",167.3796255,181.651427,162.4449013,125.8681922,135.3801766,144.892677,126.6963502,122.6126966,112.7202927,136.2519181,125.0568314,137.757847,133.5685151,128.0994259,115.3802223,208.5459235,202.337962,218.0290276
"9938","Bradi3g28920.v3.1",10.33090554,9.57860632,8.597725328,15.39672076,18.26210783,14.74094232,21.82421886,19.21682171,18.66392645,14.88466332,11.57002061,6.578693742,9.88544948,7.390351494,8.704291709,9.582865457,5.463224306,8.84296037
"9985","Bradi3g29810.v3.1",211.830953,220.0798833,171.5637009,133.9514706,127.3973391,144.9825607,128.337995,128.518354,130.1563292,149.6481151,152.4224454,149.7310696,159.891398,148.0663405,158.4181091,179.7973271,182.2730291,206.2245097
"10011","Bradi3g30110.v3.1",186.5249734,205.4839118,164.6594669,168.7480595,156.8135487,198.9128375,149.1965404,179.2320152,194.8251972,134.8779492,133.1055414,128.284528,87.93452154,71.82903031,81.72362771,134.3498761,157.9368481,173.2302567
"10043","Bradi3g30480.v3.1",54.49789619,64.4275306,52.10742623,67.36065333,62.55045317,71.18796535,66.92116667,72.18025716,71.29947342,79.46120267,79.98405551,92.75958177,104.0271137,114.4856205,102.0336417,78.56052078,70.32659652,74.91489068
"10056","Bradi3g30655.v3.1",13.64816879,14.71000256,18.10733062,19.63081897,17.38727632,18.24641031,18.54092929,15.37345737,18.17277049,7.900321303,11.46941173,11.31535324,3.333465522,5.575177443,4.15871715,10.53166402,9.436478346,11.47082123
"10057","Bradi3g30660.v3.1",34.49953776,39.91085967,33.60928992,33.25691684,49.31862654,43.86329178,41.62052357,32.52798602,30.28795082,23.81546132,27.66744058,20.13080285,10.23029074,13.35449481,8.414148652,16.12957552,20.85958371,23.02506662
"10091","Bradi3g31460.v3.1",35.16299041,38.99861144,29.83150152,42.41796569,45.49123867,42.69480245,37.95096465,45.46418795,51.98067236,40.30308838,48.09104218,41.44577058,38.62222123,32.28416705,35.20402425,25.80732083,34.16998475,32.0348753
"10132","Bradi3g32210.v3.1",101.2239185,112.7766863,124.5367487,147.9624865,149.049419,144.9825607,131.8144192,173.045136,169.0395093,123.7717004,129.6848397,153.6782858,107.2456322,122.783559,112.7689348,86.43554883,81.65037053,79.16952255
"10139","Bradi3g32297.v3.1",17.34454783,9.806668375,11.07282807,11.70150778,11.26345573,8.71872808,7.145983166,7.31176631,4.584122287,5.95386533,9.658451986,3.684068496,10.00039657,11.53932075,9.864863937,10.34190431,30.69338746,25.06895841
"10417","Bradi3g36600.v3.1",97.90665525,148.468398,95.22632144,88.60812798,137.0204857,134.4661568,93.38061785,116.3320768,88.16249469,77.85823892,74.24934964,79.99691591,39.42685083,27.35726606,22.82458715,64.51830209,74.2005192,87.76221046
"10426","Bradi3g36760.v3.1",2386.913074,2234.780079,2075.569055,1935.752718,1812.978957,1617.81842,1056.350133,1128.449267,1110.99478,1113.372817,1071.886953,826.0207863,372.7734031,291.8540564,317.9967904,937.4129774,1159.097535,1397.146026
"10475","Bradi3g37480.v3.1",7.677094942,9.57860632,8.206919632,13.54911427,11.70087149,10.60628777,10.23613805,5.155732654,10.06869717,6.869844611,6.338359116,3.815642371,2.183994653,0.907587026,1.450715285,7.115989201,7.549182677,6.381947814
"10540","Bradi3g38527.v3.1",51.085854,70.58520609,75.42549947,86.60655428,81.57803858,85.65925629,93.86345455,103.6770967,97.16702061,102.1316899,96.38330211,89.86495652,60.46216775,56.91867203,72.63247859,54.84055677,55.12889981,48.80313034
"10549","Bradi3g38670.v3.1",175.4358363,150.5209565,161.0119471,119.0166515,118.7583779,119.1859117,119.840069,106.6767957,127.6186901,111.4059801,128.5781421,108.9431684,116.9011875,127.1918389,115.7670797,178.9434084,157.0428659,164.7209929
"10610","Bradi3g39630.v3.1",510.763761,400.9330931,566.0169175,398.0052317,389.1906693,370.6807691,410.7974647,420.0516004,395.4624066,445.9674127,450.8283682,500.7701677,547.148134,687.1730337,522.4509312,580.5698389,673.9632166,496.2068705
"10620","Bradi3g39800.v3.1",20.66181108,20.75364703,17.84679348,4.388065417,13.12247269,11.7747771,5.794040405,4.218326717,7.694776696,7.098839431,1.006088748,6.973415367,1.954100479,1.685518762,2.611287513,17.45789351,27.31612153,25.9866241
"10621","Bradi3g39810.v3.1",8.90922129,9.008451182,6.643696845,10.31580291,10.0605624,8.988379463,14.87137037,9.936502934,12.68819561,16.25863225,12.77732711,13.81525686,11.95449705,19.05932754,13.44329497,9.677745313,13.60839509,9.927474377
"10630","Bradi3g39927.v3.1",159.7973095,144.1352189,160.6211414,147.9624865,150.1429584,151.5440778,117.9087222,111.9262689,138.4241212,93.54438412,121.0324764,109.6010377,126.0969544,132.637361,141.5898118,196.5910617,197.8680512,235.5898121
"10632","Bradi3g39950.v3.1",4.359831695,6.955892684,4.950205492,7.236458757,18.37146177,22.11141348,33.12259765,34.21531671,32.90744927,20.15154419,23.24065009,25.6569056,17.7018514,16.07725588,8.801006061,6.072310785,3.277934583,5.047161343
"10640","Bradi3g40110.v3.1",32.41440087,36.14783575,31.13418717,34.79658892,36.41486173,35.1445637,34.95737711,39.18356817,37.81900887,35.26520234,50.0026108,43.9456742,41.95568675,54.45522154,57.93189704,42.60105535,45.09643336,37.66600572
"10644","Bradi3g40190.v3.1",67.19827548,90.31257387,68.5212655,96.69140637,106.5107367,96.35542785,87.29687543,91.77204125,98.47676984,85.64406282,112.1788955,64.60277255,43.44999888,38.89658681,39.07259834,42.12665607,56.32087602,63.61091775
"10784","Bradi3g42220.v3.1",59.42640159,50.62977626,51.8468891,83.14229211,74.68874042,75.50238749,61.12712627,54.46328495,62.94982212,46.82944076,52.0147883,31.84087771,32.30013144,23.72691796,25.53258901,33.68234888,32.18335773,51.13900667
"10803","Bradi3g42627.v3.1",801.3560214,791.8314558,832.4161341,646.9702063,499.5287939,503.1694824,181.3534647,184.0127855,148.8202557,217.2015871,190.7544267,127.8898064,142.4194408,90.11042611,100.3894977,175.6226135,216.2443512,298.7001849
"10881","Bradi3g43640.v3.1",132.1218562,134.8987057,131.1804455,119.9404547,104.7610737,122.7812635,102.3613805,109.0203105,103.9613447,129.1530787,144.0719088,121.8374081,206.4449682,208.0967394,174.4726916,129.7007632,142.2424946,134.2711766
"10926","Bradi3g44290.v3.1",11.46825294,8.210233988,12.89658799,18.93796654,12.13828724,9.168147053,17.18898653,16.87330687,10.39613447,39.84509874,33.50275532,28.68310472,33.67949649,51.99177104,31.52887886,19.07085106,16.88632967,29.32359028
"10982","Bradi3g45180.v3.1",344.1423671,373.3375844,283.3341301,268.6727773,295.2556356,291.7627974,222.6842862,255.6305991,223.3122428,199.7979808,188.943467,200.781733,144.0287,179.3132652,106.6759306,297.163709,287.8622552,294.2369927
"10984","Bradi3g45230.v3.1",93.8311604,92.25110134,112.5520407,114.6285861,125.8663839,133.1178999,149.1965404,167.9831439,154.7141272,142.7782705,145.5810419,166.0462301,117.3609758,144.5656476,136.1738081,137.9553106,126.5481412,102.7368462
"11008","Bradi3g45627.v3.1",15.92286358,19.49930572,17.06518209,17.70622887,18.59016965,16.89815339,20.4722761,16.4046039,19.23694174,24.15895355,21.53029922,22.36755872,29.65634844,22.43036506,27.37016171,24.57388271,27.11745883,28.48934874
"11010","Bradi3g45643.v3.1",82.36290746,114.4871517,82.06919632,75.44393173,92.29472461,79.45727446,74.06714984,69.27429876,72.445504,97.32279866,93.76747136,85.2598709,148.051848,148.1959958,125.8253724,131.78812,159.4268184,152.0405214
"11011","Bradi3g45651.v3.1",117.0520031,164.5467728,116.7206348,114.0897008,131.2247269,125.2980097,107.4794495,105.0832056,108.1361704,135.106944,162.9863773,117.1007486,209.5485396,204.2070808,162.770255,208.0715242,240.7791948,248.1034353
"11041","Bradi3g45990.v3.1",13.26905299,12.20131995,15.892765,18.1681305,19.5743551,19.95420241,23.75556566,20.06048706,20.79226894,19.46455973,20.22238384,20.3939506,17.81679848,15.94760059,20.31001399,17.17325394,12.91307563,14.80778741
"11043","Bradi3g46060.v3.1",183.3972681,196.7035226,194.621237,255.3546138,224.6129909,235.046123,272.609601,259.6614446,322.11645,268.3819295,258.7660261,265.7792272,317.3689072,318.4333907,269.5428999,188.5262739,194.1927912,157.7967881
"11095","Bradi3g46922.v3.1",19.42968473,23.26232963,16.67437639,36.95212982,23.29238903,37.75119375,37.27499327,31.77806127,30.5335288,23.92995873,32.99971095,29.60412184,21.150264,27.09795548,24.27530243,12.71390071,14.30371455,13.76498548
"11102","Bradi3g47010.v3.1",44.4513275,33.29706006,45.07292369,36.95212982,34.88390658,29.66165223,25.97661448,17.62323162,22.26573682,28.62435255,20.0211661,21.9728371,29.31150718,26.57933432,23.11473021,49.24264527,55.92355062,66.8227477
"11105","Bradi3g47041.v3.1",212.7787425,153.8278563,154.2379817,127.7927823,196.5090286,125.0283583,97.3398788,78.27339575,69.08927161,94.00237376,111.4746333,58.94509593,112.5331982,79.47869238,111.8985056,126.2850883,127.9387801,148.3698587
"11115","Bradi3g47270.v3.1",54.30833829,55.64714148,57.05763173,54.35042428,58.7230653,61.30074794,62.76877105,70.49292648,73.10037861,72.70585547,75.25543839,67.62897167,66.09457501,79.60834767,59.09246927,45.16281146,51.25497712,53.2663226
"11122","Bradi3g47380.v3.1",36.96379046,46.29659721,43.9005066,38.4148183,48.33444109,48.26759772,38.14409933,55.11946911,52.96298428,35.60869457,46.17947356,46.31400395,37.1279091,40.97107144,45.26231689,37.28778341,36.35527447,33.66164631
"11134","Bradi3g47550.v3.1",110.0383608,99.89118019,86.36805898,83.37324292,78.62548222,83.50204522,71.556399,67.1182651,66.06047652,79.57570008,75.85909164,63.55018155,91.03809289,71.18075387,82.40062818,114.3302265,115.5223612,125.4699283
"11139","Bradi3g47620.v3.1",49.9485066,43.33179049,31.78553,44.34255579,35.64938415,29.48188464,34.37797307,32.24676424,32.90744927,33.43324377,34.8106707,22.76228035,37.1279091,31.63589061,34.81716684,45.82697045,41.61983607,48.34429749
"11214","Bradi3g48680.v3.1",11.37347399,8.210233988,12.24524516,15.55068797,18.91823147,13.84210437,19.21690068,11.998796,17.51789588,13.39619699,16.29863773,18.55191635,12.98902083,12.44690778,8.994434766,8.918706465,8.84049024,6.507084045
"11231","Bradi3g48880.v3.1",57.43604364,64.4275306,51.97715767,69.05429261,79.71902161,90.78263258,121.7714158,109.7702352,131.6297971,120.1077833,111.8770688,118.2849135,66.32446919,71.9586856,56.96475352,37.66730284,36.05728042,34.99643278
"11263","Bradi3g49360.v3.1",153.4471199,107.303197,124.4064801,133.7205198,97.54371369,95.72624129,105.9343721,78.64835813,74.0008312,150.1061048,99.6027861,80.91793303,204.3759207,247.1229815,255.1324614,183.1181221,196.4774123,213.6909716
"11279","Bradi3g49630.v3.1",49.0007171,56.78745175,50.54420345,51.34806374,46.14736231,42.78468625,44.61411112,46.3078533,48.7062993,52.32531645,50.0026108,45.65613457,78.27896623,78.44145007,79.01562585,71.63429129,69.53194571,63.73605398
"11335","Bradi3g50560.v3.1",99.42311844,86.66358099,71.64771107,93.53507862,114.1655124,106.8718318,125.5375421,125.4249144,112.310996,118.9628092,109.9655002,100.7855881,100.8085953,132.7670163,125.438515,83.11475387,83.9349916,90.4317834
"11387","Bradi3g51490.v3.1",36.01600096,33.06899801,41.29513529,50.03934247,36.19615385,33.88619058,75.51565994,66.83704332,66.22419518,57.47769991,62.27689353,59.07666981,260.9298874,202.9105279,166.5421147,85.58163012,81.35237648,76.70851
"11462","Bradi3g52505.v3.1",59.14206474,60.77853772,50.28366631,47.88380156,39.91418778,46.20027044,25.20407576,29.8095088,29.46935756,20.95302606,19.81994835,14.60470011,15.51785674,11.92828662,15.37758202,23.34044458,29.50141125,38.91736804
"11475","Bradi3g52660.v3.1",64.07057013,72.97985767,51.97715767,92.45730817,86.60831978,91.14216776,66.53489731,78.46087694,76.94776696,46.71494335,56.94462316,55.78732294,17.7018514,18.92967225,23.98515938,52.37368052,60.59212412,61.52531389
"11568","Bradi3g53860.v3.1",59.14206474,58.04179306,61.87756865,53.65757185,60.58208227,55.18864991,45.86948654,47.24525923,37.65529021,31.83028003,41.85329194,39.60373633,32.30013144,25.80140258,29.88473487,41.93689636,52.64561604,58.73060472
"11580","Bradi3g54020.v3.1",174.3932678,178.5725892,173.7782665,167.5933055,183.167848,181.2956138,179.3255505,238.7572922,203.1748485,217.0870897,218.1200407,275.6472678,222.7674546,269.6830019,254.745604,177.4253307,179.8890767,194.6285523
"11585","Bradi3g54100.v3.1",7.013642292,5.587520353,4.42913123,5.773770285,7.217359982,6.561517008,5.407771044,12.65498015,9.659400533,5.839367919,10.46332298,11.57850099,8.506084437,10.89104431,9.284577823,5.882551073,5.86054971,5.589418347
"11726","Bradi3g56020.v3.1",310.4958399,289.2967171,304.958712,244.8848437,240.2506042,220.4849482,231.6650488,194.8866943,207.8408301,254.298748,224.9614442,217.0968935,301.1613679,369.64723,401.9448483,422.405119,473.711213,495.4560532
"11758","Bradi3g56490.v3.1",52.88665404,51.31396243,50.67447201,42.03304768,52.59924471,47.63841116,65.37608923,54.83824732,70.64459881,88.73549289,91.25224949,72.23405729,138.3962927,139.6387467,120.6027973,73.72164812,82.54435269,67.15644432
"11759","Bradi3g56497.v3.1",16.58631623,14.36790948,20.4521648,20.93954023,18.59016965,26.33595183,20.85854546,28.49714049,20.46483164,24.38794837,26.15830746,33.41976421,22.18478779,28.52416366,21.18044316,17.07837408,20.16426426,15.60031688
"11798","Bradi3g57080.v3.1",127.2881297,120.7588582,148.1153591,116.5531762,125.4289682,133.1178999,151.5141566,142.1107401,133.5944209,160.1818768,144.675562,147.7574615,173.2252601,190.0746542,157.837823,169.9298221,170.651261,151.8736731
"11821","Bradi3g57430.v3.1",82.83680221,92.25110134,90.79719021,77.21455461,84.85865675,79.27750687,81.79253704,88.30363928,71.70877006,89.88046699,96.88634648,95.78578089,109.7744681,116.4304499,112.9623635,108.5425553,96.45074183,93.60190127
"11823","Bradi3g57470.v3.1",5.781515944,10.94697865,5.341011189,8.69914723,10.71668603,11.50512571,21.82421886,22.4040019,24.31221998,25.30392765,34.8106707,23.28857585,33.10476105,33.32140937,34.91388119,7.115989201,10.92644861,8.467551675
"11826","Bradi3g57520.v3.1",73.45368617,76.51481953,96.91981279,86.76052148,85.18671857,96.62507923,98.40211954,119.7067382,106.8264211,119.3063014,105.2368831,117.758618,116.9011875,166.0884257,120.4093686,117.5561416,127.5414547,113.957395
"11840","Bradi3g57717.v3.1",15.16463198,16.30643695,15.37169074,21.17049105,16.18438299,17.07792098,28.1976633,21.46659596,20.54669096,20.72403124,20.42360159,26.70949659,27.3574067,26.06071316,23.21144456,16.31933523,14.999034,17.68592074
"11910","Bradi3g58980.v3.1",473.7999705,415.1869715,474.698653,403.0861495,389.3000232,398.724513,352.1810893,378.8057392,410.6882413,360.2088524,418.4323105,353.275854,420.4764442,413.7300284,390.8226977,596.1301353,519.8009598,557.5236241
"11940","Bradi3g59430.v3.1",252.8702383,205.1418187,195.6633855,140.3411097,181.5275389,120.8937038,82.56507576,102.2709877,59.75730838,95.03285045,69.52073252,79.07589878,72.53161189,44.34210897,62.09061419,155.1285646,212.0724344,252.9837483
"11941","Bradi3g59440.v3.1",97.2432026,93.96156675,78.81248218,82.60340688,95.46598885,86.64797803,61.12712627,59.52527701,58.77499646,57.70669473,55.53609892,56.44519231,35.74854405,29.69106127,37.13831129,68.69301575,95.45742832,109.5776268
"11965","Bradi3g59750.v3.1",97.90665525,106.1628867,99.65545267,115.3214385,112.5252033,113.5232326,113.8528939,117.5507045,110.1007942,131.2140321,121.5355208,115.653436,118.6253938,98.40836463,104.0646431,98.48529054,93.669464,99.52501623
"11989","Bradi3g60090.v3.1",50.1380645,72.40970254,57.05763173,46.6520639,44.06963746,50.96411156,38.43380135,38.99608699,37.73714954,37.0971609,42.35633631,45.39298682,52.30092458,57.69660377,65.86247393,63.94902295,56.02288197,74.12236121
"12012","Bradi3g60517.v3.1",126.2455613,146.7579325,109.4255951,114.9365205,117.8835464,111.0064864,84.97925927,98.61510459,95.77541206,79.11771044,93.76747136,72.62877892,70.69245849,63.66074708,59.67275538,86.0560294,108.1718413,136.7739012
"12077","Bradi4g00670.v3.1",4.549389595,2.508682608,3.25671414,4.311081813,4.92092726,4.584073526,8.304791247,7.405506904,6.385027471,6.06836274,8.853580987,6.052398243,13.10396792,11.0206996,9.57472088,6.641589921,9.83380375,6.131675351
"12091","Bradi4g00980.v3.1",121.9805085,127.3726578,122.061646,129.4864216,118.9770858,114.9613733,122.4473872,139.0173005,135.6409041,137.2823948,152.2212276,144.9944101,162.8800223,179.8318864,141.4930974,130.1751624,140.8518557,128.8486065
"12158","Bradi4g02000.v3.1",33.74130616,22.80620552,37.25680976,43.95763777,48.11573321,48.98666808,70.78386028,69.36803935,76.29289234,48.77589674,39.84111444,61.83972118,35.17380862,43.9531431,30.27159228,37.00314384,41.91783013,26.02833618
"12163","Bradi4g02070.v3.1",7.866652842,7.526047823,5.992354017,9.31501606,11.15410179,11.05570674,9.173897307,13.4986455,10.72357178,11.67873584,15.09133123,13.28896136,11.72460287,13.48415009,12.76629451,10.15214459,11.52243672,6.757356509
"12174","Bradi4g02350.v3.1",95.06328675,83.12861913,125.3183601,103.8508815,94.91921915,100.7597338,99.7540623,86.522568,92.00988304,129.1530787,126.1635291,117.8901919,170.5814771,151.6966886,126.0188011,121.7308553,109.1651548,92.14197857
"12188","Bradi4g02570.v3.1",63.02800168,81.98830885,74.25308238,242.0364504,160.8596444,194.8680668,127.9517256,129.1745381,163.5549344,64.00405229,47.5879978,61.1818518,2.528835914,4.14896926,2.90143057,27.13563882,32.58068313,21.89884054
"12295","Bradi4g04390.v3.1",317.793819,283.7091967,340.7825676,365.4411672,326.0934464,376.6130995,363.189766,410.7712817,388.4225045,361.9263136,420.1426614,441.8250717,379.0954929,391.170008,407.2641376,344.8882766,319.6482876,329.1082892
"12432","Bradi4g06740.v3.1",39.04892736,50.28768318,20.71270193,46.80603111,51.50570532,38.11072893,62.67220371,58.86909285,48.54258064,61.25611445,49.6001753,81.18108078,249.78002,315.5809743,352.4270999,123.6284524,112.0457639,141.9879108
"12436","Bradi4g06800.v3.1",29.66581132,44.92822488,33.08821566,37.95291667,41.88255868,38.29049651,44.22784175,47.8077028,44.94077027,55.0732543,47.9904333,55.52417519,64.25542162,76.75593131,57.83518269,51.04536253,60.59212412,45.67472455
"12438","Bradi4g06840.v3.1",35.06821146,37.06008397,28.78935299,34.87357252,36.52421566,44.04305937,51.0841229,58.96283345,56.7285133,42.02054954,48.99652205,59.33981756,43.56494597,34.61796226,49.9046058,34.15674816,41.81849878,38.20826273
"12441","Bradi4g06880.v3.1",16.96543203,16.534499,11.20309664,12.0864258,9.951208459,13.12303402,10.33270539,13.12368312,8.349651308,8.129316123,10.06088748,6.578693742,12.52923248,14.39173712,9.381292175,13.85245898,14.89970265,16.30942219
"12453","Bradi4g07100.v3.1",3.601600096,3.192868773,5.210742623,5.46583587,10.49797816,10.78605536,33.99170371,41.62082361,48.05142468,49.34838379,51.51174392,61.97129505,28.73677175,28.91312953,25.72601772,13.75757912,16.98566102,15.5586048
"12474","Bradi4g07380.v3.1",935.0891197,1037.112196,893.902897,348.4277908,368.8508366,327.4466639,90.19389563,139.6734846,59.42987107,125.3746642,119.7245611,95.78578089,82.9917968,52.64004748,49.13089098,140.7068265,157.34086,420.2491779
"12503","Bradi4g07810.v3.1",26.91722177,30.44628437,32.1763357,32.4100972,41.22643505,48.35748151,37.17842593,56.7130592,40.35664799,48.08891228,48.59408655,58.41880043,48.27777653,45.24969599,39.65288445,34.53626759,40.52719121,34.82958447
"12541","Bradi4g08240.v3.1",24.73730592,18.92915058,15.892765,19.63081897,21.98014176,17.25768857,11.10524411,12.37375837,13.50678888,13.05270476,21.63090809,13.28896136,18.16163974,29.3020954,26.88658995,15.46541653,32.48135178,27.40483473
"12568","Bradi4g08647.v3.1",27.67545337,23.03426758,21.88511902,17.32131086,18.91823147,18.06664272,23.65899832,13.87360787,17.35417723,17.17461153,22.73760572,17.89404698,25.6332004,24.24553911,26.30630383,24.38412299,27.61411558,32.70226854
"12598","Bradi4g09120.v3.1",3510.612304,2828.311578,2657.869544,1915.813964,1475.622054,1359.851929,959.1068216,874.5997394,802.9581341,825.41183,853.2638676,833.3889233,583.8162548,445.6252296,631.8348637,2240.49292,1827.299533,2319.024645
"12613","Bradi4g09417.v3.1",37.24812731,20.86767805,36.08439267,26.2514089,27.33848478,27.05502219,23.3692963,14.15482965,12.60633629,25.8764147,19.92055722,24.99903622,43.33505179,39.54486326,51.35532108,28.27419709,35.26262961,42.2960463
"12665","Bradi4g11030.v3.1",60.46897004,65.45380985,58.88139164,46.11317868,57.84823379,66.06458906,57.84383671,58.86909285,58.44755916,60.6836274,73.64569639,71.44461404,82.64695554,69.23592452,76.11419528,67.26981791,67.44598734,66.8227477
"12676","Bradi4g11420.v3.1",72.31633877,87.1197051,64.48293996,83.91212814,75.45421799,79.90669343,50.79442088,50.52618001,57.9564032,35.83768939,41.65207419,33.68291196,27.81719505,20.09656985,20.21329964,55.03031649,51.95029658,71.82819696
"12760","Bradi4g14090.v3.1",109.5644661,126.5744407,114.7666063,132.7967166,133.5211597,139.8591845,149.5828098,139.4860035,135.3134668,157.433939,161.3766353,139.4683073,213.1118993,242.4553911,183.9506981,176.6662919,153.1689433,157.5882277
"12782","Bradi4g14870.v3.1",84.92193911,92.93528751,90.53665308,78.9081939,86.28025796,85.3896049,82.37194108,101.05236,100.032097,104.4216381,113.4868108,92.89115564,111.7285685,119.4125215,108.706932,96.39793371,101.317978,89.55582978
"12822","Bradi4g16140.v3.1",74.11713882,90.4266049,80.89677923,91.99540654,92.73214037,93.65891401,89.42135691,83.71035019,97.7400359,114.4974102,126.0629202,102.1013269,133.6834622,138.9904702,112.3820774,123.0591732,128.0381115,121.548993
"12853","Bradi4g16630.v3.1",12.03692664,5.587520353,12.37551373,18.01416329,17.0592145,14.74094232,39.59260943,36.46509096,41.83011587,34.8072127,23.54247671,36.18281558,17.58690431,11.92828662,14.70058155,4.26959352,4.767904849,4.087783567
"13057","Bradi4g22080.v3.1",6.065852794,5.017365215,4.950205492,8.69914723,11.26345573,8.179425312,7.821954546,12.74872075,13.42492955,7.900321303,11.26819398,11.05220549,5.747354349,7.520006784,5.706146787,3.79519424,7.549182677,7.383037667
"13067","Bradi4g22220.v3.1",60.37419109,59.29613436,52.75876906,60.50911259,55.33309319,53.5707416,38.91663805,41.99578599,47.15097209,41.33356508,45.57582031,44.4719697,40.5763217,44.08279839,40.42659927,59.11015029,62.38008843,72.91271097
"13081","Bradi4g22620.v3.1",29.47625342,22.23605038,30.87365004,33.02596603,33.02488961,25.34723009,50.31158418,56.05687504,64.34143067,67.66796942,56.34096992,36.31438946,152.8796257,192.4084494,165.1881138,41.27273736,44.10311985,49.51223565
"13086","Bradi4g22760.v3.1",116.2937715,117.7940515,99.9159898,130.9491101,109.3539391,135.8144137,163.7782088,130.8618688,155.8601577,160.6398665,163.992466,138.4157163,275.6431146,239.8622853,207.7424288,138.6194696,124.1641888,128.7651824
"13168","Bradi4g24846.v3.1",29.38147447,30.78837746,31.78553,27.48314656,28.76008599,26.06630044,26.94228788,30.37195236,29.63307621,23.12847686,31.79240445,28.28838309,37.01296201,37.98899979,40.03974186,42.22153592,40.72585391,38.87565596
"13179","Bradi4g24967.v3.1",25.59031647,29.76209821,16.41383926,43.88065417,53.69278411,61.48051553,75.22595792,68.89933638,88.40807267,53.12679832,61.77384916,56.05047069,57.93333184,62.2345389,57.64175398,26.47147983,31.48803827,21.27315938
"13206","Bradi4g25700.v3.1",9.857010789,6.955892684,5.862085451,8.314229211,13.34118057,7.730006339,5.504338384,5.249473248,5.566434205,5.495875689,2.314004122,4.34193787,1.609259218,1.944829341,4.739003264,5.313271937,3.675259987,6.965916895
"13217","Bradi4g25900.v3.1",63.50189643,40.82310789,53.67064902,49.65442445,49.31862654,29.03246567,27.03885522,22.02903952,19.07322309,30.11281888,20.52421047,25.39375785,35.40370279,32.28416705,35.20402425,84.72771142,65.85668572,83.04874573
"13240","Bradi4g26270.v3.1",212.2100688,220.0798833,204.0005737,203.9295665,208.9753776,213.1144771,210.0339647,178.575831,184.9202187,245.8259397,255.5465421,225.6491954,281.7353102,313.636145,270.2199004,218.0339091,220.6149306,239.6358836
"13312","Bradi4g27570.v3.1",64.82880173,64.65559266,66.17643132,76.67566939,69.98652103,91.95112191,72.42550506,102.3647283,112.065418,41.21906767,63.08176453,67.10267617,32.53002562,33.06209879,46.13274606,38.71098125,54.03625495,48.80313034
"13388","Bradi4g28767.v3.1",63.40711748,71.72551637,56.27602033,89.1470132,94.91921915,105.4336911,97.72614816,107.8954234,119.1053201,94.91835304,103.9289677,115.5218621,107.2456322,99.96422811,88.88048978,77.80148193,68.04197544,59.64827042
"13492","Bradi4g30280.v3.1",16.68109518,17.67480928,16.15330213,20.3236714,18.69952359,24.80792732,29.35647138,22.3102613,24.80337594,28.05186549,23.14004122,24.34116685,24.94351788,25.02347085,26.78987559,17.64765322,17.58164913,20.10522122
"13493","Bradi4g30290.v3.1",25.40075857,26.56922943,22.14565615,30.25455629,26.13559145,20.40362138,18.92719865,20.24796824,17.92719251,23.92995873,22.13395247,18.42034248,28.85171883,20.35588043,26.9833043,28.55883666,30.59405611,34.03705501
"13500","Bradi4g30380.v3.1",23.03128483,19.15721264,13.02685656,15.85862238,17.27792238,13.21291781,15.25763973,12.65498015,11.46030572,9.503285045,15.49376673,12.23637036,14.48333296,15.42897944,20.8903001,20.01964962,36.75259987,38.45853519
"13522","Bradi4g30617.v3.1",11.94214769,9.350544264,7.946382501,8.69914723,9.404438764,7.819890133,8.594493267,6.936803935,8.677088614,8.701803174,7.143230114,6.841841492,9.655555307,10.76138902,11.31557922,12.80878056,13.80705779,18.3116019
"13571","Bradi4g31460.v3.1",101.7925922,90.65466695,81.54812205,105.8524552,118.4303161,116.6691654,111.6318451,90.83463531,114.6030572,105.22312,103.0234878,95.12791152,41.38095131,50.17659699,46.61631782,50.00168412,82.54435269,78.21014478
"13626","Bradi4g32530.v3.1",226.5216903,272.0780319,227.0581098,294.6162517,290.3347083,321.4244496,309.2086229,364.6509096,443.5138312,315.3258676,357.8657678,313.277396,289.2068708,321.1561518,267.4151842,183.213002,191.9081702,194.0862953
"13642","Bradi4g32810.v3.1",6.729305443,7.754109878,5.60154832,10.77770453,13.77859633,7.819890133,9.560166668,6.936803935,9.577541206,7.327834252,9.96027861,5.394528869,2.069047566,1.296552894,2.417858808,1.89759712,4.569242146,4.379768108
"13661","Bradi4g33090.v3.1",114.7773083,127.942813,95.87766427,139.0323885,153.2048687,139.4097655,138.9604024,142.4857025,185.5750933,134.534457,166.0046435,126.9687892,63.79563328,81.29386644,60.54318455,67.17493806,90.98751753,82.79847327
"13671","Bradi4g33323.v3.1",552.37172,638.6877857,488.1163152,376.9887078,461.6923309,376.7928671,225.3881717,259.7551852,213.7347016,259.1076392,208.6628064,161.5727183,235.6415283,165.8291151,144.7813854,324.1095881,368.8173063,430.4269248
"13692","Bradi4g33727.v3.1",7.771873892,7.297985767,12.76631943,10.46977012,15.74696723,20.22385379,31.96378957,30.84065533,30.77910678,38.92911946,40.54537656,39.99845795,25.05846496,30.72830358,23.88844502,19.07085106,22.64754803,16.30942219
"13770","Bradi4g34940.v3.1",18.19755838,19.95542983,20.71270193,31.56327756,33.79036719,38.73991549,42.39306229,47.15151864,64.34143067,35.15070493,36.11858607,35.65652008,35.63359696,51.60280517,37.91202611,25.99708055,20.66092101,20.06350914
"13802","Bradi4g35310.v3.1",39.90193791,36.83202192,30.09203865,20.63160582,23.94851267,19.68455103,11.00867677,7.218025716,11.54216504,19.23556491,10.86575848,6.578693742,14.71322713,13.09518423,16.34472554,18.31181221,33.97132205,46.50896609
"13829","Bradi4g35810.v3.1",139.0407195,178.9146823,179.3798148,176.5234035,183.8239717,237.2932178,201.7291734,213.3535913,254.3369276,228.1933385,241.7631263,195.3872042,175.8690431,166.0884257,165.8651142,124.6721308,99.62934506,122.9254916
"13842","Bradi4g35950.v3.1",56.10913834,84.49699146,65.13428279,72.21062037,59.48854288,61.39063174,38.53036869,35.34020383,43.05800576,33.43324377,37.52711032,31.05143446,11.4947087,11.53932075,8.801006061,71.53941143,74.99517001,66.48905108
"13860","Bradi4g36290.v3.1",57.05692784,49.83155907,54.19172328,56.81389961,66.70590286,66.51400803,70.30102358,67.68070866,74.08269053,65.95050827,71.53291002,81.31265466,81.03769632,84.66490396,89.26734719,51.89928124,56.71820143,59.52313419
"13917","Bradi4g37210.v3.1",7966.07596,6871.737786,7578.373803,5308.250433,4854.330711,3893.496332,2158.956022,2370.418393,1752.608181,2055.572005,1783.493524,1569.150031,421.510968,338.27065,420.5140039,2724.569945,3087.615715,3873.008081
"13942","Bradi4g37620.v3.1",31.94050612,37.28814603,38.55949541,40.18544118,29.41620962,33.34688781,38.04753199,35.52768502,41.17524125,48.89039415,40.64598544,41.57734445,47.35819984,46.28693831,45.16560253,49.90680426,38.73922689,44.71534677
"13987","Bradi4g38350.v3.1",60.65852794,70.47117507,66.30669988,83.29625931,92.73214037,91.95112191,75.51565994,106.0206115,112.310996,91.25443592,100.8100926,86.57560965,62.87605658,79.73800296,56.67461046,55.50471577,40.72585391,52.39036898
"14056","Bradi4g39269.v3.1",40.66016951,43.10372844,36.73573549,52.27186698,42.86674413,49.70573843,54.56054714,55.96313445,48.46072132,58.05018696,70.12438577,51.05066344,89.42883367,94.77801653,78.43533973,53.03783951,48.57303064,44.84048301
"14070","Bradi4g39480.v3.1",9.66745289,12.88550612,17.71652492,14.93481914,18.37146177,19.59466723,20.27914142,23.9038514,29.96051352,26.33440434,19.51812172,24.34116685,19.77089896,23.72691796,16.8282973,15.93981581,15.69435346,15.9340135
"14078","Bradi4g39590.v3.1",50.99107505,63.05915827,65.13428279,72.51855478,71.95489194,77.56971477,91.93210775,86.99127097,89.88154055,85.87305764,91.25224949,99.20670164,93.45198172,117.9863133,100.8730695,85.48675027,79.46508081,71.53621242
"14088","Bradi4g39920.v3.1",119.8005927,135.4688608,126.6210457,54.7353423,85.51478039,62.82877245,50.40815152,65.6184156,57.71082522,66.52299532,101.5143547,50.12964632,323.3461557,312.728558,282.9861949,123.3438128,193.1994777,236.048645
"14111","Bradi4g40280.v3.1",90.70345505,74.80435412,77.64006509,83.52721012,81.9061004,81.97402071,101.2025724,102.0835066,99.2953631,99.04025981,85.41693475,123.4162946,100.0039657,92.96284248,114.2196501,81.88131574,87.21292619,77.91816024
"14113","Bradi4g40300.v3.1",66.72438073,84.95311557,78.03087078,77.67645624,82.89028585,105.4336911,91.15956903,113.6135996,103.3064701,114.0394205,118.0142102,121.8374081,137.476716,153.7711732,111.4149339,85.2021107,89.79554131,88.72158824
"14127","Bradi4g40507.v3.1",37.05856941,46.98078338,48.19936927,47.03698192,47.35025564,55.45830129,55.71935522,55.77565326,59.75730838,45.79896407,56.44157879,67.62897167,59.1977498,56.78901674,58.80232621,47.53480786,41.32184202,43.83939315
"14141","Bradi4g40780.v3.1",518.251298,635.3808859,492.9362522,325.4866769,521.9463514,406.7241707,205.012463,269.035504,159.5438274,275.7097637,219.7297827,201.7027501,311.5066057,241.1588382,150.1973892,285.3986069,392.0608424,450.4904339
"14248","Bradi4g42810.v3.1",279.2187864,342.2071139,304.4376378,327.796185,331.0143737,317.2897951,353.7261667,380.3055887,382.528633,383.2228319,359.9785542,391.0375561,355.3014459,361.8679126,339.2739479,323.0659097,330.9720616,319.0973907
"14332","Bradi4g44120.v3.1",22.84172693,27.36744663,27.6169359,23.32603195,25.91688357,26.69548701,27.90796128,28.4033999,30.77910678,37.21165831,34.0057997,30.65671284,29.31150718,32.80278821,31.0453071,22.20188631,23.83952424,27.02942604
"14353","Bradi4g44460.v3.1",74.02235987,68.98877171,80.6362421,73.51934163,63.53463863,76.13157406,65.66579125,80.33568882,57.9564032,74.30881921,80.68831763,98.68040614,134.3731447,158.8277295,167.99283,96.96721284,93.37146995,91.76656987
"14374","Bradi4g44838.v3.1",92.1251393,68.5326476,73.08066529,71.36380072,57.73887985,63.7276104,52.24293098,59.05657404,61.0670576,60.6836274,63.08176453,58.28722656,66.09457501,72.60696205,66.44276005,106.9295977,87.80891429,102.6117099
"14445","Bradi5g00980.v3.1",3.696379046,4.333179049,3.908056967,2.694426133,2.843202417,3.595351785,3.090154882,5.436954436,3.683669695,4.121906767,3.621919495,5.262954994,11.60965579,8.16828323,7.253576424,11.0060633,8.542496187,12.43019901
"14546","Bradi5g03510.v3.1",10.23612659,9.806668375,7.295039673,9.545966871,7.764129677,9.168147053,14.09883165,10.21772472,10.88729043,15.11365814,13.17976261,15.13099561,24.82857079,23.98622853,20.40672834,15.7500561,11.91976212,9.927474377
"14577","Bradi5g04080.v3.1",2692.575188,2594.662002,2172.749405,1892.410949,1767.159656,1797.945544,1575.689288,1920.557284,1668.456794,1747.115982,1561.550347,1832.824077,2242.157879,1560.790373,2332.169892,2137.453396,2473.648634,3290.206939
"14703","Bradi5g08637.v3.1",19.42968473,21.8939573,18.49813631,21.32445825,21.32401813,21.7518783,27.52169192,24.56003555,23.57548605,34.92171011,20.82603709,24.99903622,28.96666592,23.98622853,25.72601772,26.47147983,23.04487343,24.40156517
"14735","Bradi5g09160.v3.1",19.42968473,18.81511956,22.14565615,18.39908131,27.6665466,23.36978661,22.69332492,27.65347515,25.45825056,23.92995873,34.50884407,28.94625247,28.04708922,26.70898961,23.30815891,20.77868847,22.64754803,17.35222412
"14762","Bradi5g09530.v3.1",1177.059779,1026.621342,1000.462584,779.2280377,771.6013944,647.5228566,407.9004445,434.6751331,330.0568046,421.1214747,410.0817739,324.855897,178.9726144,144.5656476,181.726268,561.8785073,690.0548955,784.1870516
"14782","Bradi5g10027.v3.1",70.89465452,49.1473729,71.12663681,60.89403061,46.47542412,53.39097401,40.17201347,34.87150086,49.11559593,76.25527518,62.17628466,48.81390757,141.6148112,111.6332041,100.5829264,93.74129774,115.2243672,126.0956094
"14783","Bradi5g10040.v3.1",47.6738118,74.57629206,53.93118615,125.2523234,134.0679294,144.2634904,84.97925927,161.4213024,147.2649285,61.71410409,50.90809067,80.91793303,31.03571349,33.19175408,27.37016171,25.14316184,30.89205016,35.95581056
"14821","Bradi5g10580.v3.1",144.0640038,141.7405673,136.5214567,184.3757311,158.5632117,178.4193324,175.8491263,160.3901559,168.0571974,161.2123535,150.8127034,178.2826004,169.3170591,151.5670333,152.8086767,125.3362898,128.4354369,119.0045563
"14837","Bradi5g10860.v3.1",112.9765083,82.67249502,100.5673326,65.89796485,78.18806647,90.06356222,66.72803199,57.93168692,53.9452962,126.0616486,79.07857563,59.07666981,172.4206305,253.8650566,185.6915565,107.7835164,236.9052722,192.0424035
"14859","Bradi5g11240.v3.1",73.45368617,90.54063593,87.67074464,105.698488,99.29337672,123.5902176,126.3100808,134.049049,133.0214056,138.5418663,145.1786064,137.6262731,99.19933607,73.2552385,86.36591662,78.56052078,69.82993976,68.95006364
"14875","Bradi5g11630.v3.1",24.45296907,26.34116738,17.97706205,17.78321248,30.40039507,22.20129727,20.9551128,16.59208509,15.38955339,13.5106944,9.557843111,12.89423974,8.506084437,11.92828662,8.510863004,11.0060633,8.343833485,11.26226085
"14894","Bradi5g11950.v3.1",36.11077991,27.13938457,22.79699898,28.48393341,26.13559145,25.1674625,25.68691246,19.77926527,23.82106403,31.4867878,38.93563457,30.26199122,45.40409936,39.41520797,42.84445808,33.49258917,45.69242146,59.35628588
"14910","Bradi5g12240.v3.1",245.6670381,270.7096596,213.6404476,238.9571062,284.3202417,269.1120811,247.4055253,248.4125734,254.4187869,215.9421156,196.4891326,229.4648377,158.1671917,158.4387636,153.0988197,184.2566804,214.2577241,216.7776653
"14969","Bradi5g13047.v3.1",42.5557485,32.27078081,22.27592471,26.94426133,34.99326052,33.4367716,20.76197812,18.65437815,20.30111298,25.99091211,13.9846336,22.63070647,15.28796257,18.41105109,20.6968714,31.59499205,44.89777066,50.05449266
"15007","Bradi5g13710.v3.1",82.36290746,79.82171933,55.75494607,69.82412865,86.06155008,85.56937249,61.12712627,50.33869883,73.26409726,65.83601086,55.53609892,42.49836158,34.94391444,34.74761755,35.97773906,47.06040858,44.30178255,63.98632645
"15018","Bradi5g13860.v3.1",137.0503616,143.9071568,152.1536846,196.6161241,190.0571462,191.0030636,286.1290286,214.1972566,236.0004384,235.9791624,244.1777393,217.2284674,221.1581954,269.9423125,207.0654283,188.3365142,176.7104734,137.191022
"15109","Bradi5g15261.v3.1",9.47789499,8.666358099,11.7241709,16.01258959,12.0289333,13.84210437,19.21690068,20.62293062,19.48251972,16.8311193,16.29863773,13.81525686,21.150264,22.68967564,16.8282973,10.81630359,9.337146995,9.844050223
"15153","Bradi5g15970.v3.1",37.34290626,22.6921745,24.09968463,24.3268188,22.19884964,12.04442848,14.58166835,18.18567518,20.30111298,20.95302606,15.5943756,10.26276224,19.77089896,21.39312275,25.24244596,32.25915104,30.29606206,43.08857576
"15210","Bradi5g16900.v3.1",31.75094822,26.91132252,14.98088504,26.4053761,24.82334418,24.80792732,32.83289563,24.56003555,18.33648915,43.73801069,37.12467482,32.10402546,54.48491923,64.43867882,52.41917896,38.33146183,29.30274855,31.57604245
"15234","Bradi5g17220.v3.1",8.340547591,7.982171933,10.29121668,13.16419625,16.62179875,13.84210437,12.16748485,11.62383362,7.039902083,7.785823892,10.26210523,8.157580241,4.482936392,4.667590417,4.062002798,8.823826609,8.939821591,8.467551675
"15280","Bradi5g17980.v3.1",31.94050612,52.56830373,31.26445574,34.3346873,40.67966535,37.48154236,41.04111953,43.49563548,44.85891095,52.55431127,51.81357055,43.9456742,56.66891388,59.7710884,60.73661326,44.11913304,37.54725068,39.04250427
"15290","Bradi5g18170.v3.1",239.4116274,163.1784005,248.4221546,211.5509432,165.0150941,151.2744264,140.3123451,134.4240114,111.0012468,174.9520428,141.3554692,146.3101488,294.3794898,253.4760907,362.4853925,308.5492917,305.1459103,283.0998681
"15356","Bradi5g19190.v3.1",65.11313858,58.26985511,52.6285005,42.5719329,56.20792471,49.61585464,55.13995118,39.83975233,40.52036664,30.11281888,32.99971095,35.13022458,31.95529018,37.08141276,37.71859741,52.27880066,56.51953873,68.69979117
"15364","Bradi5g19380.v3.1",3.127705347,3.763023911,2.996177008,3.310294963,6.451882408,12.40396366,10.81554209,9.374059372,12.85191427,16.25863225,15.69498448,13.55210911,31.03571349,26.8386449,28.04716217,15.18077696,17.58164913,18.60358644
"15407","Bradi5g20300.v3.1",3.032926397,2.280620552,3.647519836,8.237245607,6.451882408,3.505467991,11.68464815,7.780469279,6.794324104,6.29735756,4.829225993,3.815642371,0.919576696,3.111726945,3.094859274,1.89759712,0.893982159,1.751907243
"15441","Bradi5g20840.v3.1",94.3998341,115.8555241,100.8278698,93.99698024,97.98112945,90.69274879,61.51339563,79.96072644,67.45208508,71.44638395,71.83473664,70.39202304,50.57671827,38.37796565,49.61446274,89.9461035,72.21389218,98.10680561
"15551","Bradi5g22630.v3.1",17.53410573,17.67480928,17.97706205,17.70622887,15.0908436,13.57245299,14.38853367,15.46719796,15.30769406,20.03704678,18.61264185,18.15719473,24.82857079,25.80140258,20.01987093,18.50157192,18.57496264,21.56514392
"15625","Bradi5g24027.v3.1",449.3470015,393.7491384,415.0356499,619.256109,499.9662096,517.1913543,612.1403687,568.2554791,654.7108937,574.0900147,618.241536,518.9273624,444.2704912,441.9948815,494.0169117,346.9756334,334.6473216,371.8631684
"15737","Bradi5g25730.v3.1",145.0117933,95.44397011,123.6248687,314.0931035,269.1200442,220.6647158,446.7205152,383.9614719,422.2304063,370.8571116,337.4421662,256.9637776,280.5858393,293.6692304,201.7461389,116.1329438,118.8996272,131.3930432
"15738","Bradi5g25740.v3.1",59.99507529,62.71706519,62.91971718,87.76130833,72.39230769,77.92924995,115.011702,103.2083937,92.501039,119.4207988,137.9347674,90.25967815,142.9941762,126.2842518,110.5445047,69.92645388,44.0037885,38.12483857
"15778","Bradi5g26340.v3.1",13.64816879,17.21868517,19.41001627,13.24117985,10.16991634,17.07792098,14.29196633,10.68642768,15.30769406,15.34265296,16.29863773,16.31516048,23.79404701,20.35588043,21.56730057,15.84493595,19.2702821,17.64420866
"15840","Bradi5g27430.v3.1",46.06256965,46.63869029,53.14957476,60.27816178,57.41081804,59.32330446,78.41268014,71.99277597,85.78857422,64.00405229,59.76167166,63.94490318,63.5657391,46.67590417,67.31318922,41.74713664,46.68573498,50.47161343
"15844","Bradi5g27490.v3.1",50.3276224,55.7611725,58.49058595,46.03619507,55.33309319,45.3014325,53.11203704,55.96313445,55.90992003,66.52299532,68.61525265,64.99749418,72.64655897,62.10488361,85.10863004,55.50471577,70.72392192,71.61963658
"15851","Bradi5g27570.v3.1",32.03528507,26.34116738,37.77788402,48.03776877,47.35025564,57.16609339,48.47680472,56.52557801,56.40107599,44.42499515,41.75268306,54.20843644,35.2887557,32.02485647,39.65288445,28.17931724,23.93885559,26.94600188
